profile pic,nums/length username,fullname words,nums/length fullname,name==username,description length,external URL,private,#posts,#followers,#follows,fake
1,0.16,4,0.07,0,122,1,1,129,6661,765,0
0,0.69,0,0.3,1,4,0,1,2,56,515,1
1,0.17,3,0.03,0,120,1,0,176,9577,771,0
1,0.57,1,0.22,1,11,0,1,6,71,943,1
1,0.29,2,0.02,0,134,0,0,915,5033,973,0
1,0.15,2,0.06,0,27,1,0,630,8604,291,0
1,0.71,1,0.34,1,9,0,0,10,48,360,1
1,0.25,4,0.02,0,120,0,0,491,4726,413,0
0,0.95,1,0.36,1,16,0,0,14,31,1176,1
1,0.1,1,0.01,1,135,1,1,384,1422,263,0
0,0.81,0,0.47,1,0,0,0,10,49,523,1
1,0.18,4,0.03,0,66,0,0,837,4164,591,0
1,0.86,1,0.05,1,11,0,0,6,18,1675,1
0,0.67,0,0.44,1,11,0,1,15,95,506,1
0,0.94,0,0.26,1,2,0,1,3,46,1475,1
0,0.77,0,0.48,1,1,0,0,1,84,1965,1
1,0.02,4,0.06,1,120,0,0,189,7614,242,0
0,0.72,0,0.13,1,11,0,1,5,48,1987,1
1,0.25,4,0.1,0,31,0,1,86,375,264,0
1,0.19,2,0.08,0,24,0,1,700,6164,274,0
1,0.05,1,0.02,0,148,1,1,864,3884,530,0
1,0.14,4,0.06,1,124,1,1,430,2326,519,0
0,0.84,1,0.34,1,12,0,1,17,35,1940,1
0,0.92,0,0.05,1,18,1,1,14,34,939,1
1,0.17,2,0.07,0,27,0,0,433,2499,295,0
0,1.0,0,0.0,1,16,0,1,18,27,487,1
1,0.16,1,0.05,0,45,0,1,61,9591,764,0
1,0.2,2,0.06,1,118,0,0,230,2327,602,0
1,0.26,1,0.08,0,98,0,0,772,423,524,0
1,0.8,0,0.16,0,20,1,0,2,86,1291,1
0,0.84,0,0.4,1,5,0,0,16,31,125,1
1,0.02,2,0.05,0,144,0,0,475,4383,775,0
1,0.7,1,0.11,1,19,0,1,11,46,847,1
1,0.01,4,0.08,0,80,1,1,365,6810,469,0
1,0.23,3,0.08,0,35,0,1,202,1138,111,0
1,0.08,1,0.05,0,75,0,0,421,5185,763,0
1,0.88,1,0.03,1,3,0,1,9,75,734,1
1,0.69,1,0.15,1,0,0,1,3,51,1477,1
1,0.03,2,0.03,0,37,0,1,974,6780,370,0
1,0.25,2,0.04,0,73,1,1,454,4845,853,0
1,0.18,3,0.06,0,99,0,1,465,593,644,0
1,0.28,3,0.03,0,56,0,0,394,9396,972,0
0,0.62,0,0.15,0,20,0,0,7,15,484,1
1,0.94,1,0.39,1,13,0,1,15,81,1096,1
1,0.03,1,0.0,0,90,1,1,809,2705,749,0
0,0.84,1,0.36,1,15,0,1,2,38,1631,1
1,0.54,0,0.17,1,17,0,0,5,78,1514,1
1,0.13,3,0.08,0,147,1,1,519,5359,958,0
1,0.24,4,0.01,0,35,0,1,393,2927,180,0
1,0.68,1,0.19,1,9,0,0,6,85,1338,1
1,0.78,1,0.29,1,4,0,0,1,10,1506,1
0,0.57,1,0.45,1,16,1,1,6,81,892,1
1,0.51,0,0.03,0,8,0,0,17,24,875,1
0,0.62,1,0.29,1,14,0,1,3,73,743,1
0,0.63,1,0.14,1,20,0,0,15,78,1901,1
1,0.28,3,0.03,0,107,1,1,115,4683,389,0
1,0.27,3,0.05,0,84,1,1,738,3971,180,0
1,0.11,3,0.03,0,67,0,1,930,5770,377,0
1,0.05,2,0.02,0,139,0,1,659,2207,965,0
0,0.55,1,0.28,1,5,0,0,6,62,168,1
0,0.78,1,0.33,0,9,0,0,0,61,1618,1
1,0.22,4,0.08,0,21,1,1,949,8949,416,0
0,0.85,1,0.5,0,18,0,1,7,77,233,1
1,0.81,0,0.26,1,13,0,0,0,55,465,1
1,0.09,3,0.07,0,124,1,1,354,5750,398,0
1,0.25,1,0.03,1,49,1,1,802,9541,601,0
1,0.0,4,0.05,0,51,1,1,789,6388,242,0
1,0.03,3,0.03,0,46,0,1,905,3393,769,0
1,0.94,0,0.15,1,16,0,1,17,32,638,1
0,0.82,1,0.41,0,17,0,0,15,93,1087,1
0,0.85,0,0.23,1,20,0,0,15,75,131,1
0,0.66,1,0.25,1,0,0,0,17,80,1053,1
0,0.83,1,0.37,1,15,1,1,19,35,1309,1
1,0.15,4,0.05,0,132,0,0,828,3624,741,0
1,0.07,4,0.04,0,95,1,1,346,8640,216,0
1,0.05,1,0.03,0,87,0,0,90,1442,295,0
0,0.87,1,0.25,1,5,0,0,16,64,179,1
1,0.08,2,0.01,0,113,1,0,853,7212,373,0
1,0.79,0,0.11,0,16,0,1,0,15,1553,1
1,0.19,2,0.08,0,99,1,1,166,4866,371,0
1,0.09,1,0.1,0,72,0,1,692,9912,336,0
1,0.01,4,0.05,0,90,0,1,671,5625,665,0
0,0.71,0,0.08,1,6,0,0,7,92,1140,1
0,1.0,0,0.35,1,7,1,1,0,63,751,1
1,0.15,1,0.03,0,67,0,1,239,3794,829,0
0,0.78,0,0.32,1,20,0,0,13,15,678,1
0,0.71,0,0.38,0,3,0,1,4,31,1786,1
0,0.9,0,0.26,1,9,0,1,3,42,1041,1
0,0.67,0,0.26,1,19,0,1,1,54,301,1
1,0.2,4,0.05,0,110,0,1,954,4788,276,0
0,0.86,0,0.22,1,1,0,1,18,62,1404,1
1,0.05,4,0.02,0,83,0,1,255,5029,301,0
1,0.23,2,0.09,0,97,1,1,310,7603,386,0
0,0.8,1,0.25,1,7,0,1,11,98,660,1
1,0.6,1,0.23,1,5,0,0,5,63,471,1
1,0.09,1,0.07,0,123,0,1,418,3280,866,0
1,0.28,4,0.07,0,145,1,1,519,7106,555,0
1,0.16,3,0.06,0,113,1,1,168,8052,359,0
0,0.71,1,0.27,1,20,0,0,3,98,514,1
1,0.25,1,0.03,0,48,1,1,823,1967,261,0
1,0.05,3,0.07,0,139,1,0,144,5241,577,0
1,0.07,4,0.05,0,103,1,1,482,7192,836,0
1,0.08,1,0.06,0,55,1,1,342,9355,951,0
0,0.55,0,0.14,1,1,0,0,5,20,780,1
1,0.04,3,0.07,0,90,0,1,363,6727,811,0
1,0.17,2,0.03,1,48,0,1,605,2579,793,0
1,0.68,1,0.23,1,10,0,0,4,94,728,1
0,0.6,1,0.44,1,1,0,1,8,32,1858,1
1,0.03,1,0.05,0,32,0,1,745,1061,261,0
1,0.09,3,0.0,0,125,1,1,667,8673,933,0
0,0.62,0,0.14,1,2,0,0,5,82,471,1
0,0.97,1,0.34,0,16,0,1,12,24,1778,1
1,0.2,3,0.09,0,23,0,1,875,8987,189,0
0,0.77,1,0.09,1,0,0,0,17,100,1927,1
1,0.55,0,0.03,0,12,0,0,8,70,1054,1
1,0.12,3,0.09,0,86,1,1,930,921,164,0
1,0.29,3,0.06,0,22,1,1,547,5976,696,0
1,0.97,0,0.15,0,17,1,1,10,22,718,1
0,0.75,1,0.27,0,19,0,1,14,68,548,1
0,0.87,1,0.31,1,12,0,1,12,96,1375,1
1,0.14,2,0.03,1,142,0,0,369,5550,534,0
1,0.69,0,0.49,1,7,0,1,0,42,1217,1
0,0.83,1,0.09,1,2,0,0,10,97,1080,1
0,0.87,1,0.06,1,6,0,1,10,89,497,1
1,0.67,1,0.18,1,1,0,0,14,95,369,1
1,0.0,1,0.03,0,31,1,1,60,223,417,0
1,0.26,3,0.05,0,109,0,0,139,376,960,0
1,0.15,3,0.07,1,29,1,1,457,4511,324,0
1,0.2,1,0.09,0,134,1,1,336,5730,949,0
0,0.75,1,0.04,0,15,0,1,2,12,974,1
1,0.13,3,0.1,1,72,0,0,806,5530,118,0
1,0.05,1,0.06,0,123,0,0,52,1083,193,0
1,0.19,1,0.01,0,22,1,0,434,552,332,0
1,0.08,3,0.07,0,62,0,1,938,6493,460,0
0,0.78,0,0.41,1,20,0,1,18,24,508,1
1,0.17,1,0.06,0,54,0,0,221,5731,851,0
1,0.19,3,0.04,0,52,1,0,832,3495,632,0
0,0.7,1,0.3,0,8,0,0,12,50,1827,1
1,0.22,1,0.08,0,150,0,1,151,2219,672,0
0,0.99,0,0.33,1,2,0,0,20,18,660,1
0,0.68,0,0.48,1,10,0,1,19,86,1220,1
0,0.77,1,0.48,1,5,0,0,11,14,224,1
1,0.2,2,0.02,0,26,1,1,667,8696,623,0
1,0.21,4,0.04,0,99,0,0,489,2379,115,0
1,0.03,2,0.08,0,141,1,0,187,2006,611,0
1,0.21,4,0.03,0,142,0,1,76,3945,533,0
0,0.93,1,0.47,1,8,0,0,14,86,958,1
1,0.28,1,0.08,0,115,1,1,276,3704,397,0
1,0.95,0,0.48,0,5,0,0,1,72,893,1
1,0.14,2,0.04,0,124,0,1,103,4579,586,0
0,0.68,1,0.13,1,13,0,1,10,59,443,1
0,0.52,0,0.18,1,16,0,0,13,48,915,1
1,0.03,3,0.07,0,53,1,1,503,3197,166,0
1,0.19,2,0.09,0,140,1,1,126,6706,942,0
1,0.04,1,0.02,0,85,0,0,62,5012,356,0
0,0.8,1,0.43,1,6,0,0,10,81,1767,1
1,0.08,1,0.03,0,85,0,1,197,762,352,0
1,0.02,2,0.0,0,49,0,1,869,8956,830,0
0,0.72,1,0.04,1,18,1,1,13,29,1062,1
1,0.2,1,0.03,0,106,0,1,102,6874,861,0
0,0.76,0,0.42,1,4,0,0,8,12,1447,1
1,0.04,2,0.02,0,81,1,1,55,6386,576,0
0,0.88,0,0.35,0,8,1,0,11,74,394,1
1,0.02,3,0.03,0,89,1,0,180,3380,932,0
0,0.74,0,0.04,1,9,0,0,7,11,1366,1
1,0.23,1,0.06,1,68,0,1,801,7575,709,0
0,0.74,0,0.46,1,14,0,0,3,56,882,1
0,0.9,0,0.12,1,7,0,0,12,45,1752,1
1,0.24,3,0.0,0,85,0,1,640,9039,137,0
1,0.83,1,0.42,1,20,0,0,20,82,1851,1
1,0.3,4,0.04,0,58,0,1,502,6917,762,0
1,0.2,2,0.07,0,122,0,1,598,2766,956,0
1,0.02,4,0.07,0,54,0,0,286,5350,844,0
0,0.55,1,0.37,1,16,0,0,6,73,1865,1
1,0.2,4,0.01,1,26,1,1,849,8566,161,0
0,0.86,0,0.42,1,3,0,1,10,35,870,1
1,0.16,1,0.03,0,47,0,1,296,3708,670,0
1,0.99,1,0.03,0,0,0,1,12,23,257,1
1,0.16,4,0.04,0,69,1,0,871,2248,781,0
0,0.6,0,0.35,1,16,0,0,2,44,1613,1
0,0.62,1,0.29,1,2,0,1,19,95,243,1
0,0.88,1,0.2,0,17,1,0,1,61,468,1
1,0.02,1,0.03,0,57,1,1,540,9911,774,0
1,0.05,3,0.03,0,62,1,0,824,2654,970,0
1,0.07,2,0.09,0,67,0,1,258,2309,218,0
1,0.08,1,0.1,0,60,1,0,411,8005,184,0
0,0.54,1,0.41,1,11,1,1,0,83,758,1
0,0.58,1,0.39,1,5,0,0,16,54,894,1
1,0.18,1,0.03,0,61,1,1,466,6127,328,0
0,0.68,0,0.35,1,4,0,0,5,91,1798,1
0,0.96,1,0.18,1,15,0,1,13,65,1087,1
0,0.6,1,0.1,1,3,0,1,10,42,206,1
1,0.21,4,0.05,0,90,0,1,187,8162,314,0
1,0.09,4,0.08,0,29,0,1,101,1266,731,0
1,0.03,1,0.04,0,120,0,1,589,4186,630,0
1,0.72,1,0.13,1,20,0,0,11,26,126,1
1,0.22,1,0.04,1,47,0,0,137,9438,318,0
1,0.12,1,0.01,0,22,0,1,824,4351,793,0
1,0.0,4,0.05,0,44,1,1,314,6401,777,0
1,0.03,4,0.07,0,88,1,0,70,4590,350,0
0,0.66,0,0.07,1,9,0,0,14,75,1512,1
1,0.13,1,0.04,0,130,1,1,684,3713,787,0
0,0.64,0,0.17,1,10,0,1,2,27,1938,1
0,0.54,0,0.32,0,15,0,1,3,84,1238,1
0,0.85,1,0.16,1,13,0,0,0,78,957,1
0,0.62,0,0.29,1,18,0,0,14,100,1528,1
0,0.6,0,0.27,1,7,0,0,6,98,907,1
0,0.98,1,0.44,0,15,0,0,9,74,814,1
1,0.24,3,0.07,1,42,0,0,367,4970,913,0
1,0.23,3,0.03,1,109,0,1,897,3740,936,0
1,0.06,1,0.08,0,32,1,0,997,9079,374,0
0,0.88,1,0.21,1,10,0,1,4,13,599,1
1,0.04,1,0.01,0,74,1,0,862,7947,902,0
1,0.8,1,0.16,1,9,0,1,1,47,1743,1
0,0.56,1,0.45,1,2,0,0,0,19,1693,1
1,0.11,4,0.07,0,56,1,1,704,8275,285,0
0,0.9,1,0.03,1,6,0,0,19,90,117,1
1,0.91,0,0.43,1,16,0,1,3,57,1025,1
1,0.24,1,0.04,0,87,1,1,106,2525,789,0
1,0.86,0,0.23,0,18,0,1,7,59,1879,1
1,0.21,3,0.07,0,122,1,1,604,9852,660,0
0,0.87,1,0.46,1,8,0,1,15,67,695,1
1,0.15,3,0.01,0,109,1,0,982,8119,839,0
0,0.97,1,0.01,0,12,0,0,12,25,627,1
0,0.79,1,0.46,1,12,0,0,6,50,1447,1
1,0.07,3,0.03,0,32,1,0,68,8068,538,0
0,0.97,0,0.25,1,19,0,0,9,27,550,1
0,0.76,0,0.41,0,14,0,0,12,93,701,1
1,0.09,1,0.05,0,120,1,1,608,8883,386,0
1,0.05,4,0.02,0,22,1,1,557,509,690,0
1,0.91,1,0.08,1,18,0,0,4,89,1329,1
0,0.82,1,0.43,1,9,0,0,13,33,736,1
0,0.99,0,0.3,1,18,1,1,12,38,802,1
1,0.16,3,0.03,0,144,0,0,50,2934,745,0
1,0.19,4,0.02,0,100,1,1,66,8936,441,0
1,0.3,1,0.08,0,127,0,1,988,4800,495,0
1,0.53,1,0.37,0,13,0,0,11,28,1577,1
0,0.59,1,0.44,1,15,0,0,11,33,1978,1
1,0.74,1,0.34,1,20,0,0,19,55,1208,1
0,0.6,0,0.46,0,4,0,0,7,13,571,1
0,0.92,1,0.14,1,16,0,0,4,86,1019,1
0,0.68,0,0.28,1,3,0,0,1,31,1832,1
0,0.78,1,0.11,0,4,0,0,2,10,710,1
1,0.08,1,0.08,1,31,0,0,218,1693,151,0
1,0.8,1,0.37,1,5,0,0,11,58,570,1
0,0.86,0,0.4,1,1,0,0,6,65,713,1
1,0.28,1,0.06,0,77,0,1,854,6243,468,0
0,0.63,0,0.47,1,18,0,0,20,41,165,1
0,0.57,1,0.44,1,8,0,0,8,62,1835,1
1,0.93,1,0.43,1,7,0,0,14,89,1146,1
1,0.66,0,0.05,1,19,0,0,7,36,1668,1
1,0.06,1,0.08,0,52,1,1,988,8266,137,0
0,0.57,1,0.43,1,20,0,0,15,86,1860,1
1,0.04,2,0.08,0,86,0,1,821,3431,493,0
0,0.77,0,0.06,1,13,1,0,8,23,1164,1
1,0.71,0,0.45,0,16,0,0,19,89,1355,1
1,0.24,1,0.08,0,127,0,1,489,2933,883,0
1,0.99,0,0.09,0,18,0,0,19,81,174,1
1,0.21,4,0.09,0,58,0,1,774,2140,544,0
1,0.13,2,0.07,0,41,1,1,370,2574,712,0
0,0.82,1,0.4,1,0,0,0,20,19,1256,1
0,0.75,0,0.46,0,5,0,1,3,72,677,1
0,0.63,1,0.05,1,19,0,1,8,82,695,1
1,0.17,4,0.06,0,139,0,1,688,6991,373,0
1,0.52,1,0.28,1,4,0,1,3,31,1247,1
0,0.74,0,0.02,1,17,0,0,8,99,1360,1
0,0.64,0,0.19,1,6,0,1,0,48,1987,1
0,0.85,1,0.26,1,17,0,0,0,17,1051,1
1,0.17,4,0.08,1,46,1,1,815,2597,908,0
1,0.27,3,0.02,1,41,1,0,151,7475,577,0
1,0.12,4,0.04,0,85,1,1,325,1843,236,0
1,0.01,2,0.1,0,86,1,1,407,7461,865,0
1,0.88,0,0.29,1,11,0,1,6,92,729,1
0,0.84,1,0.14,1,20,0,0,19,36,1713,1
1,0.26,3,0.09,0,33,1,1,867,4694,527,0
0,0.8,1,0.22,0,20,0,0,6,35,865,1
1,0.05,1,0.03,0,46,0,1,995,2872,598,0
1,0.08,3,0.02,1,125,0,1,214,1723,717,0
1,0.74,1,0.45,1,1,0,0,2,13,687,1
1,0.16,2,0.07,0,33,0,0,990,8536,336,0
1,0.87,1,0.13,0,7,1,0,16,11,356,1
0,0.83,1,0.47,0,16,0,0,17,86,880,1
1,0.02,1,0.09,0,80,1,1,154,3139,540,0
0,0.81,1,0.42,1,5,0,0,4,18,429,1
1,0.1,4,0.04,1,62,1,1,504,1982,950,0
1,0.24,3,0.08,0,38,0,1,396,4494,822,0
1,0.1,3,0.0,0,95,1,0,312,7489,408,0
0,0.77,1,0.13,0,11,0,1,0,39,233,1
1,0.66,0,0.41,0,16,0,1,14,11,1675,1
0,0.78,0,0.09,1,10,0,0,17,30,576,1
0,0.71,1,0.41,1,2,0,1,14,34,1846,1
0,0.61,0,0.02,1,16,1,0,1,87,581,1
1,0.27,1,0.04,1,123,0,0,748,4718,672,0
1,0.18,4,0.02,1,38,0,1,980,471,350,0
1,0.11,2,0.03,0,145,1,1,418,9158,262,0
0,0.84,1,0.09,1,18,0,0,20,68,1073,1
1,0.04,1,0.01,0,126,1,1,769,3281,897,0
1,0.21,1,0.01,1,112,1,1,729,2540,557,0
1,0.26,2,0.04,0,94,1,1,425,1554,543,0
0,0.53,0,0.39,1,2,0,1,18,42,940,1
1,0.19,2,0.05,0,44,0,0,288,8675,246,0
1,0.27,4,0.03,0,140,1,1,256,1892,273,0
0,0.58,1,0.38,0,0,0,0,20,74,1870,1
0,0.85,1,0.19,1,8,0,1,20,94,1213,1
1,0.1,4,0.0,1,121,0,1,958,2458,685,0
0,0.99,1,0.14,1,2,0,0,2,69,563,1
0,0.86,1,0.42,1,15,0,0,5,60,1524,1
0,0.56,0,0.11,1,19,0,1,4,90,904,1
1,0.06,3,0.03,0,143,0,0,285,8981,607,0
1,0.26,2,0.04,0,97,0,1,328,8831,754,0
0,0.85,1,0.29,1,13,0,1,5,69,1965,1
0,0.77,1,0.14,1,20,0,0,11,89,1727,1
0,0.51,1,0.34,1,4,1,1,8,91,136,1
0,0.65,1,0.25,1,18,0,1,16,91,1923,1
1,0.01,4,0.02,0,71,0,1,860,2335,956,0
1,0.9,0,0.3,1,16,0,0,15,47,255,1
0,0.91,0,0.3,0,16,0,0,16,55,1293,1
1,0.13,1,0.05,0,31,0,0,231,7816,628,0
1,0.64,1,0.22,1,9,0,1,16,54,1107,1
0,0.86,1,0.14,1,10,0,1,18,75,1451,1
1,0.23,4,0.09,0,114,1,1,223,478,618,0
0,0.74,0,0.17,0,14,0,0,3,70,116,1
1,0.77,1,0.34,1,15,0,0,18,62,1667,1
0,0.56,1,0.14,1,9,0,0,5,80,1287,1
1,0.11,1,0.03,1,43,0,0,288,3920,776,0
1,0.15,1,0.03,0,98,0,1,155,5635,685,0
0,0.7,1,0.02,0,17,0,0,6,45,963,1
1,0.21,1,0.01,0,128,0,0,503,1420,169,0
0,0.73,1,0.13,1,14,1,0,18,16,1369,1
1,0.71,1,0.47,0,19,0,1,13,24,295,1
0,0.84,0,0.1,1,11,0,1,15,11,1391,1
1,0.25,1,0.09,0,105,1,1,333,3087,993,0
1,0.05,4,0.01,0,52,1,0,937,3673,801,0
1,0.92,0,0.41,1,18,0,0,16,52,443,1
1,0.05,3,0.02,0,89,0,1,661,6895,793,0
0,0.56,0,0.48,1,19,1,0,16,21,847,1
1,0.09,3,0.09,0,59,1,0,888,7100,737,0
1,0.67,1,0.02,1,20,0,0,2,49,1918,1
1,0.8,1,0.0,1,16,0,0,9,24,1748,1
1,0.2,4,0.08,0,43,0,1,259,4701,604,0
1,0.2,3,0.03,0,82,0,0,251,3298,974,0
0,0.89,1,0.35,1,1,0,1,10,20,1481,1
0,0.81,1,0.28,0,4,0,0,10,48,1979,1
1,0.13,1,0.01,0,80,0,1,218,9364,684,0
1,0.88,0,0.43,1,5,0,1,1,13,686,1
0,0.82,0,0.02,1,5,0,1,17,70,1609,1
1,0.18,4,0.1,0,60,0,0,915,2126,398,0
0,0.62,0,0.02,0,3,0,1,5,47,1860,1
1,0.15,1,0.09,0,102,1,1,663,9862,300,0
1,0.6,1,0.29,0,11,0,0,14,22,171,1
0,0.9,0,0.22,1,15,0,0,8,29,673,1
1,0.04,2,0.06,0,33,1,1,522,3467,232,0
0,0.96,0,0.17,1,14,0,0,3,19,1137,1
1,0.65,1,0.47,1,9,0,1,0,38,710,1
0,0.53,1,0.2,0,1,0,0,4,88,1917,1
1,0.3,2,0.1,0,34,1,1,356,223,990,0
1,0.73,1,0.45,1,20,0,0,4,64,1148,1
0,0.67,0,0.27,1,10,0,1,14,54,1575,1
0,0.73,0,0.14,1,17,0,0,12,79,1119,1
1,0.04,4,0.08,0,119,0,1,471,709,699,0
0,0.91,0,0.19,1,8,0,0,11,41,1572,1
1,0.16,3,0.02,1,134,0,1,541,4414,557,0
1,0.16,2,0.1,0,131,1,1,499,4018,986,0
0,0.83,1,0.42,1,8,0,1,17,36,1305,1
1,0.13,2,0.02,0,135,1,0,530,531,405,0
1,0.25,2,0.09,0,99,1,0,894,4700,132,0
1,0.97,0,0.48,1,20,0,0,12,57,883,1
1,0.14,4,0.05,0,90,1,1,305,9432,982,0
1,0.87,0,0.37,1,17,0,0,20,87,289,1
1,0.91,1,0.3,0,5,0,0,6,45,1486,1
0,0.98,1,0.12,1,13,0,0,15,54,1492,1
0,0.74,1,0.35,0,16,0,0,2,94,1058,1
1,0.17,4,0.01,0,143,1,1,422,8947,378,0
1,0.82,0,0.42,1,19,0,0,15,68,1266,1
1,0.19,2,0.06,0,112,1,1,923,7251,277,0
0,0.55,0,0.47,1,3,0,1,4,31,855,1
1,0.07,4,0.01,0,42,0,1,906,5293,880,0
0,0.71,1,0.05,0,4,0,1,3,88,102,1
1,0.28,4,0.07,1,77,1,1,132,4256,134,0
1,0.77,0,0.37,0,13,1,1,19,76,585,1
1,0.08,1,0.09,1,114,0,0,306,975,822,0
1,0.16,1,0.09,0,35,1,1,336,6079,998,0
0,0.99,0,0.15,1,5,0,0,8,22,1243,1
0,0.77,0,0.16,0,18,0,1,17,75,1951,1
1,0.04,4,0.05,0,70,0,1,973,2576,364,0
0,0.73,1,0.09,1,14,0,1,17,49,1692,1
0,0.61,1,0.07,1,3,0,0,1,36,830,1
0,0.67,0,0.29,1,1,0,0,15,68,372,1
0,0.6,1,0.12,1,17,0,0,3,35,405,1
0,0.86,0,0.16,1,10,0,1,18,65,1245,1
1,0.21,3,0.04,0,50,1,1,487,4348,753,0
0,0.58,0,0.05,0,18,0,0,20,41,1964,1
0,0.73,0,0.14,1,4,0,1,12,91,140,1
1,0.08,1,0.07,0,77,0,1,978,5824,870,0
0,0.57,0,0.38,1,16,0,0,3,58,1131,1
1,0.11,1,0.02,0,28,1,0,271,4194,965,0
0,0.63,1,0.26,1,20,0,1,5,59,457,1
1,0.21,1,0.07,0,137,0,1,896,1192,317,0
1,0.16,2,0.08,0,102,1,1,671,1543,733,0
0,0.69,0,0.19,1,1,1,0,6,99,414,1
1,0.15,4,0.09,0,99,1,1,727,5013,640,0
1,0.08,2,0.05,0,150,0,1,418,4102,574,0
1,0.15,2,0.02,0,119,0,1,663,9524,759,0
1,0.06,2,0.08,0,147,1,1,551,5006,959,0
1,0.71,0,0.19,1,9,0,1,16,87,1547,1
1,0.78,0,0.46,1,6,0,1,12,46,556,1
1,0.03,1,0.03,0,123,1,1,120,3175,549,0
1,0.13,3,0.02,0,32,1,1,479,8083,688,0
1,0.24,3,0.07,0,73,1,1,661,4005,991,0
1,0.23,4,0.09,1,110,0,0,784,5119,162,0
1,0.12,1,0.07,0,54,1,0,99,9921,924,0
1,0.92,0,0.34,1,5,0,0,18,26,319,1
0,0.71,1,0.09,1,10,1,1,11,77,1565,1
0,0.79,0,0.26,1,6,0,1,19,77,1334,1
1,0.18,1,0.06,0,102,0,1,627,4838,294,0
0,0.86,0,0.35,1,20,0,0,3,22,1901,1
0,0.91,1,0.29,1,2,0,0,5,81,1257,1
1,0.25,2,0.07,0,71,1,0,835,6024,266,0
0,0.62,0,0.26,1,7,0,1,12,75,1077,1
1,0.9,0,0.26,0,6,0,0,6,26,546,1
1,0.27,1,0.06,1,80,1,1,866,348,775,0
1,0.78,0,0.02,0,11,0,0,19,48,1429,1
1,0.89,1,0.18,1,14,0,1,0,37,1373,1
0,0.74,0,0.32,1,16,0,1,6,43,1869,1
0,0.62,0,0.22,1,9,0,1,14,79,983,1
1,0.18,2,0.09,0,72,0,0,348,6960,546,0
1,0.18,2,0.09,0,97,0,0,921,4572,694,0
1,0.87,1,0.3,1,11,0,0,13,14,1806,1
1,0.56,0,0.38,1,16,0,1,17,85,769,1
0,0.55,0,0.38,1,14,0,0,8,73,1193,1
1,0.03,1,0.02,0,94,0,0,185,1442,341,0
1,0.13,3,0.06,0,99,0,0,789,3408,153,0
1,0.27,1,0.04,1,64,1,1,889,5227,550,0
1,0.1,3,0.09,0,54,1,0,952,369,151,0
1,0.11,4,0.05,0,63,0,0,960,3186,117,0
1,0.64,1,0.07,0,2,0,0,2,20,1028,1
1,0.19,2,0.09,0,122,1,1,928,9456,509,0
0,0.9,0,0.16,0,8,0,0,6,53,434,1
1,0.02,3,0.08,0,81,1,0,587,3970,606,0
1,0.22,3,0.06,0,73,0,1,614,6399,710,0
1,0.16,1,0.06,0,101,1,1,418,8566,822,0
1,0.0,4,0.07,0,29,0,1,919,8893,681,0
0,0.72,0,0.16,1,15,0,1,19,93,271,1
0,0.65,1,0.29,1,9,0,0,15,65,959,1
0,0.6,1,0.17,1,18,0,0,20,97,784,1
0,0.51,1,0.07,0,0,0,1,17,25,659,1
0,0.53,0,0.33,1,9,0,1,20,84,1625,1
0,0.74,1,0.48,1,14,0,1,7,80,1770,1
1,0.1,4,0.02,0,47,1,1,666,1198,227,0
1,0.57,1,0.37,1,12,0,0,15,76,209,1
1,0.61,0,0.07,1,2,0,0,14,31,1822,1
1,0.29,1,0.05,0,26,1,0,713,9218,947,0
1,0.29,4,0.0,0,112,1,1,570,8211,378,0
1,0.05,2,0.08,0,99,1,0,869,6983,934,0
0,0.66,1,0.14,1,13,0,1,3,10,1447,1
0,0.58,1,0.44,1,5,0,0,12,54,1761,1
1,0.1,2,0.07,0,69,0,1,773,4329,122,0
1,0.1,4,0.01,0,121,1,1,755,2919,943,0
1,0.11,2,0.05,1,53,1,1,430,3690,722,0
1,0.3,3,0.06,1,129,0,1,894,1362,944,0
1,0.11,4,0.08,0,77,0,1,247,370,344,0
0,0.81,1,0.45,1,13,0,0,17,53,733,1
0,0.85,0,0.14,1,20,0,0,9,59,564,1
1,0.24,4,0.05,0,142,0,0,680,9609,563,0
1,0.08,2,0.01,0,93,0,0,543,956,939,0
1,0.66,1,0.45,1,16,0,0,17,49,1802,1
1,0.0,1,0.01,0,30,1,0,899,1337,247,0
1,0.14,4,0.09,0,117,0,1,517,7745,487,0
1,0.25,4,0.04,0,71,1,1,324,643,903,0
1,0.26,1,0.09,0,113,0,1,661,9040,883,0
0,0.58,0,0.31,1,0,1,1,7,66,781,1
1,0.15,3,0.09,1,61,0,0,835,4778,479,0
0,0.81,1,0.37,1,18,0,0,15,21,303,1
1,0.5,0,0.48,1,7,0,0,18,70,1909,1
1,0.66,0,0.08,1,20,0,0,8,68,403,1
1,0.11,3,0.02,0,132,0,1,213,5324,950,0
1,0.58,1,0.3,1,2,0,1,7,88,1022,1
1,0.17,2,0.09,0,128,1,1,269,5396,180,0
0,0.56,1,0.39,1,6,0,0,13,96,1271,1
0,0.68,1,0.02,1,7,0,0,13,62,1674,1
0,0.62,0,0.1,0,13,0,1,3,67,572,1
0,0.72,1,0.08,1,20,0,0,14,41,1287,1
1,0.51,1,0.37,1,19,0,0,15,78,671,1
1,0.19,1,0.06,0,62,1,1,553,1705,877,0
0,0.76,0,0.11,1,19,0,0,4,70,1836,1
1,0.78,0,0.02,1,17,0,0,7,79,1185,1
1,0.96,1,0.23,0,19,0,0,10,73,357,1
0,0.71,1,0.28,0,19,0,0,20,98,1375,1
1,0.08,1,0.01,0,67,0,1,111,7979,712,0
1,0.18,2,0.06,0,21,0,1,611,9437,833,0
0,0.69,1,0.27,1,4,0,1,4,40,610,1
1,0.78,1,0.37,0,14,0,1,14,76,587,1
1,0.65,0,0.39,1,0,0,1,11,90,651,1
0,1.0,1,0.33,1,18,0,0,14,47,582,1
1,0.11,3,0.02,0,56,0,0,455,9667,223,0
0,0.62,1,0.03,1,6,0,1,18,17,1499,1
0,0.52,1,0.26,1,18,0,0,6,85,655,1
1,0.23,1,0.01,0,132,0,0,504,3940,871,0
1,0.95,1,0.06,1,18,0,0,2,57,1824,1
0,0.5,0,0.01,1,15,0,1,12,16,111,1
1,0.06,1,0.05,0,105,1,1,674,7493,995,0
0,0.55,0,0.5,1,5,0,0,15,13,1366,1
0,0.71,0,0.38,1,10,0,1,3,44,767,1
0,0.82,1,0.18,1,12,0,0,9,56,835,1
1,0.13,1,0.07,0,78,1,1,924,8991,317,0
0,0.99,1,0.28,1,12,1,1,18,17,1736,1
1,0.27,1,0.02,0,68,0,1,683,8439,102,0
1,0.77,0,0.19,1,12,1,1,12,25,489,1
1,0.19,1,0.09,0,141,1,1,414,9094,902,0
0,0.97,1,0.27,1,12,0,0,8,61,767,1
0,0.75,1,0.42,1,15,0,0,3,57,1293,1
1,0.04,4,0.01,0,70,0,1,503,6281,137,0
1,0.21,4,0.08,1,48,1,1,754,2735,925,0
1,0.29,2,0.02,0,64,0,1,83,7932,571,0
1,0.29,4,0.08,0,99,1,1,95,1937,486,0
1,0.88,0,0.19,1,6,0,1,10,93,914,1
0,0.68,0,0.24,0,13,0,0,18,45,186,1
1,0.12,1,0.04,0,26,1,0,116,1240,168,0
1,0.07,2,0.0,0,110,1,1,670,8516,734,0
1,0.03,4,0.06,0,121,1,0,594,4649,358,0
1,0.14,4,0.06,1,136,0,0,731,7552,756,0
1,0.14,4,0.0,0,111,1,1,853,9018,971,0
1,0.15,2,0.04,0,90,1,0,196,5098,598,0
1,0.63,1,0.17,1,2,0,0,6,59,864,1
0,0.55,1,0.12,1,9,0,1,14,59,1762,1
1,0.93,0,0.09,0,7,0,0,18,93,272,1
1,0.17,2,0.09,0,129,0,1,335,3713,687,0
0,0.52,0,0.05,1,14,0,0,4,61,906,1
0,0.83,1,0.18,0,8,1,0,18,88,570,1
0,0.51,1,0.41,1,12,0,1,10,29,304,1
1,0.02,1,0.07,0,66,1,1,979,9786,378,0
0,0.6,1,0.41,1,9,0,0,20,28,106,1
0,0.86,0,0.3,1,9,1,0,15,53,1631,1
0,0.65,1,0.34,1,1,1,0,1,31,1595,1
1,0.15,4,0.06,1,56,0,1,825,8752,470,0
1,0.11,1,0.07,0,126,0,1,703,3631,881,0
1,0.05,1,0.1,0,122,1,1,969,554,166,0
1,0.02,1,0.07,0,79,0,1,949,4328,973,0
1,0.68,0,0.36,1,18,0,1,14,16,1126,1
0,0.91,0,0.21,0,7,0,0,11,39,1272,1
1,0.7,0,0.36,1,16,0,0,8,30,1504,1
1,0.62,0,0.3,1,19,0,1,20,23,1598,1
0,1.0,1,0.14,1,15,0,0,6,49,1019,1
1,0.04,3,0.09,0,111,1,1,646,6532,743,0
1,0.93,1,0.04,1,2,0,0,13,57,1646,1
1,0.29,2,0.07,1,140,1,1,720,1802,233,0
0,0.55,0,0.04,1,19,0,0,9,88,1462,1
1,0.19,3,0.01,0,98,1,1,132,2427,681,0
0,0.72,0,0.03,1,5,0,1,1,94,1784,1
0,0.93,0,0.24,1,4,0,0,3,16,234,1
1,0.16,3,0.06,0,27,1,0,858,9553,372,0
0,0.77,1,0.39,1,0,0,0,12,18,1244,1
1,0.1,2,0.02,1,21,0,1,504,8711,840,0
1,0.26,3,0.03,0,91,1,1,476,877,839,0
1,0.1,1,0.1,0,78,0,1,937,9525,403,0
0,0.79,0,0.48,1,17,1,1,0,75,643,1
1,0.23,1,0.1,0,148,0,1,465,8678,656,0
0,0.8,1,0.45,1,7,0,1,18,60,163,1
1,0.66,0,0.25,1,11,1,1,15,62,1394,1
1,0.26,2,0.07,0,44,0,1,744,9278,875,0
1,0.28,1,0.02,0,145,1,1,270,9427,551,0
1,0.27,3,0.01,0,114,0,1,323,5709,730,0
0,0.83,0,0.07,1,10,0,0,1,72,1467,1
0,0.58,0,0.05,1,11,0,0,14,42,671,1
1,0.21,1,0.04,0,97,0,1,398,1370,711,0
1,0.04,4,0.06,0,143,0,1,905,8477,158,0
0,0.67,1,0.4,1,14,0,0,15,36,670,1
1,0.2,3,0.07,0,75,0,0,666,7676,822,0
1,0.28,1,0.07,0,63,0,0,754,8763,605,0
1,0.01,4,0.09,0,72,1,1,929,7101,113,0
1,0.73,1,0.16,1,6,0,0,15,51,1727,1
0,0.77,0,0.31,1,3,0,1,7,54,130,1
0,0.58,1,0.06,1,12,0,0,3,93,1386,1
0,0.71,1,0.29,1,3,0,0,12,22,258,1
1,0.16,2,0.05,0,94,1,1,146,9070,142,0
1,0.25,2,0.02,0,116,1,1,565,7013,444,0
0,0.86,1,0.39,1,9,0,1,13,71,843,1
1,0.24,1,0.01,1,33,1,0,326,1640,794,0
1,0.1,4,0.02,0,42,0,1,143,5855,581,0
0,0.91,0,0.22,1,20,1,1,15,42,1295,1
1,0.57,1,0.17,1,1,0,1,19,96,293,1
1,0.19,3,0.04,0,34,1,1,763,7185,887,0
0,0.93,0,0.29,1,6,0,1,11,91,807,1
1,0.29,4,0.03,0,23,0,1,779,3784,940,0
0,0.64,1,0.29,0,15,0,1,10,67,1587,1
1,0.11,1,0.07,0,90,0,1,391,3756,192,0
0,0.86,0,0.38,1,20,0,0,10,55,568,1
1,0.11,3,0.04,0,138,1,1,133,5497,128,0
1,0.07,4,0.01,0,67,1,1,342,8415,291,0
1,0.08,3,0.02,0,22,0,1,797,6001,828,0
0,0.92,0,0.47,1,18,1,1,11,66,1450,1
1,0.14,4,0.1,0,49,0,1,931,7848,584,0
0,0.54,0,0.1,1,4,0,1,6,10,216,1
0,0.83,0,0.11,1,14,0,0,8,56,353,1
1,0.19,4,0.06,0,85,1,1,682,5001,673,0
1,0.22,2,0.06,0,91,0,0,504,1572,672,0
1,0.26,4,0.07,0,94,0,1,861,2965,573,0
1,0.05,1,0.07,0,122,0,1,507,883,829,0
1,0.01,2,0.04,0,56,1,1,1000,2883,880,0
1,0.08,3,0.05,0,134,0,0,962,6701,257,0
1,0.09,3,0.05,0,25,0,1,898,6253,232,0
1,0.04,1,0.03,0,120,1,1,100,244,825,0
0,0.72,0,0.27,1,4,0,0,13,98,1119,1
1,0.06,2,0.03,0,48,0,1,131,5742,670,0
1,0.06,3,0.01,0,30,0,0,77,3579,999,0
1,0.02,1,0.06,0,134,1,0,654,1945,876,0
0,0.84,0,0.06,0,1,1,1,11,55,575,1
0,0.86,0,0.41,1,14,0,0,9,90,422,1
1,0.11,2,0.02,0,25,1,0,242,5370,585,0
1,0.02,4,0.03,0,126,0,0,269,9264,578,0
1,0.2,4,0.08,0,86,0,1,549,5242,849,0
0,0.92,1,0.35,1,0,1,1,9,95,901,1
1,0.91,1,0.3,1,7,0,0,7,80,692,1
1,0.14,4,0.04,0,128,1,0,297,8307,888,0
1,0.07,2,0.04,0,90,0,1,780,9887,154,0
0,0.8,0,0.36,1,13,0,1,12,93,316,1
0,0.93,1,0.43,0,16,0,0,7,63,1786,1
1,0.22,1,0.02,0,58,1,1,835,7699,354,0
1,0.27,3,0.0,0,67,1,1,628,8582,493,0
0,0.77,1,0.46,1,0,0,0,6,63,366,1
0,0.99,1,0.13,1,20,0,1,9,30,1812,1
0,0.68,0,0.4,1,12,0,0,13,62,1110,1
1,0.14,3,0.04,0,47,1,0,899,8386,970,0
1,0.04,4,0.0,0,82,1,0,815,8663,805,0
1,0.21,3,0.05,0,41,0,1,486,1951,922,0
0,0.67,1,0.24,0,18,0,0,12,82,879,1
0,0.54,0,0.26,1,13,0,0,3,50,439,1
0,0.63,0,0.21,1,11,0,1,19,78,1813,1
1,1.0,0,0.31,1,5,0,0,19,84,1306,1
0,0.55,0,0.19,1,13,0,0,5,98,823,1
0,0.63,1,0.41,1,4,0,0,16,20,835,1
1,0.07,1,0.07,0,120,0,1,550,2599,772,0
0,0.81,1,0.18,1,0,0,0,15,31,826,1
1,0.16,1,0.09,0,37,0,0,965,720,500,0
0,0.9,1,0.45,1,3,0,0,18,46,1112,1
0,0.57,1,0.02,1,3,0,0,12,13,1817,1
0,0.51,1,0.35,1,17,0,1,16,41,1994,1
0,0.77,1,0.18,1,11,0,0,2,11,568,1
1,0.07,2,0.01,0,76,0,0,692,2420,870,0
1,0.57,1,0.21,1,20,0,0,13,76,528,1
1,0.1,1,0.04,0,80,1,1,575,9726,438,0
0,0.65,1,0.46,1,0,0,1,18,41,292,1
1,0.58,0,0.42,1,2,0,0,8,93,1238,1
1,0.17,2,0.04,0,43,0,1,959,8022,614,0
0,1.0,0,0.18,1,15,0,0,12,18,1438,1
1,0.23,1,0.06,0,49,0,1,656,4957,401,0
1,0.72,1,0.36,1,2,0,0,4,91,902,1
1,0.71,1,0.39,1,15,0,1,8,60,1083,1
1,0.27,4,0.07,0,67,1,1,558,9645,286,0
1,0.02,4,0.05,0,90,1,0,879,9570,965,0
0,0.98,0,0.47,1,5,0,1,17,35,1652,1
1,0.57,1,0.06,1,7,0,0,14,26,1893,1
1,0.26,3,0.04,0,137,0,1,585,1527,948,0
0,0.59,1,0.07,1,6,0,1,15,29,1593,1
0,0.59,1,0.37,1,3,0,0,18,66,893,1
0,0.77,0,0.07,1,19,0,1,6,56,1248,1
1,0.18,2,0.01,0,135,1,0,522,4480,292,0
1,0.65,0,0.09,1,10,0,1,5,97,1492,1
0,0.6,0,0.24,1,2,0,0,16,34,201,1
1,0.18,1,0.03,1,105,0,1,368,9657,503,0
0,0.75,0,0.17,1,6,0,1,1,13,1652,1
1,0.22,4,0.07,0,63,1,1,131,1212,921,0
0,0.71,0,0.1,1,15,0,0,1,22,1488,1
0,0.76,1,0.0,0,5,0,1,8,22,1770,1
1,0.98,1,0.46,0,13,0,0,9,17,463,1
0,0.73,1,0.32,1,5,0,1,11,21,503,1
1,0.92,1,0.33,1,2,1,0,1,78,346,1
0,0.93,1,0.23,1,3,0,1,8,87,487,1
0,0.68,0,0.29,1,16,0,1,2,35,1364,1
0,0.66,0,0.35,1,12,0,0,19,33,598,1
1,0.18,4,0.01,0,44,0,0,807,1163,402,0
1,0.24,2,0.1,0,77,1,1,305,8633,971,0
0,0.51,1,0.22,1,13,1,0,6,54,1877,1
0,0.55,0,0.37,1,0,0,0,10,42,1690,1
1,0.09,4,0.02,0,139,1,1,631,2780,625,0
1,0.28,1,0.08,0,89,1,0,589,3056,738,0
0,0.61,1,0.07,1,17,1,1,8,68,918,1
0,0.59,0,0.49,1,18,0,0,8,100,445,1
1,0.52,0,0.44,1,18,0,1,6,12,1976,1
1,0.14,3,0.06,0,106,1,1,107,6055,780,0
1,0.26,3,0.03,0,138,0,1,250,8742,270,0
0,0.99,0,0.19,1,8,0,1,16,17,1443,1
1,0.74,0,0.2,1,2,0,0,20,34,377,1
0,0.57,0,0.45,1,9,0,0,3,90,981,1
1,0.11,3,0.04,0,38,0,0,74,7180,459,0
1,0.15,4,0.0,0,130,0,1,311,2084,749,0
1,0.19,2,0.08,0,58,0,1,499,9061,763,0
0,0.73,0,0.47,1,10,0,0,10,26,492,1
1,0.29,4,0.09,0,32,0,1,201,482,309,0
1,0.08,4,0.03,0,114,1,1,823,4915,539,0
1,0.06,4,0.01,0,101,1,0,271,2691,311,0
1,0.1,3,0.08,0,44,0,0,544,7963,229,0
0,0.53,1,0.48,1,20,0,1,8,55,1403,1
1,0.29,4,0.07,0,60,0,1,483,8401,691,0
0,0.76,1,0.22,1,6,0,0,9,97,530,1
1,0.88,1,0.29,1,4,0,0,14,21,778,1
1,0.3,1,0.1,0,51,1,0,734,6441,380,0
1,0.05,4,0.02,0,104,1,1,635,293,394,0
0,0.99,1,0.37,1,3,0,1,3,33,1381,1
0,0.75,0,0.17,1,7,0,0,9,26,1020,1
1,0.65,1,0.07,1,1,0,1,10,30,839,1
1,0.27,3,0.1,0,137,0,0,990,4098,253,0
1,0.06,4,0.05,0,83,0,0,549,6900,250,0
0,0.58,1,0.26,1,13,0,1,11,38,480,1
1,0.14,4,0.08,0,28,1,0,231,8299,750,0
1,0.05,4,0.01,0,105,1,0,801,967,775,0
0,0.91,1,0.36,1,20,0,1,16,66,1588,1
0,0.86,0,0.13,1,12,0,0,19,83,109,1
0,0.99,1,0.08,1,3,0,0,0,60,979,1
1,0.22,2,0.07,0,131,1,0,91,5211,434,0
1,0.04,1,0.03,0,111,1,1,716,7506,356,0
0,0.77,0,0.26,0,10,0,0,14,81,348,1
1,0.03,4,0.01,0,104,0,1,710,5630,390,0
0,0.69,1,0.47,1,6,0,0,5,100,499,1
1,0.0,3,0.02,0,52,1,1,383,1583,337,0
1,0.06,4,0.03,0,146,1,0,654,2831,143,0
1,0.06,1,0.1,0,64,0,1,275,9486,881,0
0,0.99,0,0.23,1,19,0,1,6,80,1382,1
1,0.04,3,0.08,1,95,0,1,146,9102,452,0
1,0.2,3,0.1,0,136,0,1,736,7939,377,0
0,0.91,1,0.04,1,6,0,1,3,16,133,1
1,0.67,0,0.38,0,6,0,0,12,87,1049,1
0,0.54,1,0.32,0,18,0,1,14,25,1026,1
0,0.68,0,0.06,1,11,0,1,16,24,1752,1
0,0.83,1,0.32,0,12,0,1,14,74,1669,1
1,0.54,0,0.14,1,5,0,0,3,49,501,1
1,0.06,2,0.06,0,77,0,1,949,1363,625,0
1,0.14,1,0.02,0,144,1,1,362,5770,334,0
1,0.07,3,0.05,0,55,0,1,381,6731,409,0
1,0.26,1,0.06,0,126,1,1,269,6261,148,0
0,0.66,1,0.24,1,4,0,1,4,80,829,1
1,0.05,2,0.06,0,73,0,1,151,7145,889,0
1,0.18,2,0.04,0,113,0,0,158,7183,323,0
1,0.96,0,0.46,1,16,0,0,10,14,1274,1
0,0.98,0,0.2,1,17,0,0,15,35,1346,1
0,0.95,0,0.24,1,20,0,0,5,78,328,1
0,0.59,0,0.36,1,15,0,1,15,39,1480,1
1,0.99,1,0.22,0,2,0,0,1,83,1884,1
0,0.94,0,0.42,1,20,0,1,9,99,343,1
1,0.14,4,0.04,1,83,1,0,334,9674,999,0
1,0.3,3,0.06,0,71,0,0,606,1796,830,0
1,0.21,3,0.08,0,79,1,1,930,2008,997,0
1,0.27,3,0.08,1,90,0,0,559,8084,817,0
1,0.06,3,0.05,1,87,0,1,267,1439,742,0
1,0.16,4,0.07,0,121,0,1,285,5049,872,0
1,0.95,0,0.43,0,16,0,0,14,28,1650,1
0,0.81,1,0.31,0,12,0,0,12,76,620,1
1,0.3,3,0.04,0,79,0,0,54,598,727,0
0,0.9,0,0.38,1,9,1,1,1,67,1365,1
0,0.65,0,0.2,1,13,0,1,1,42,444,1
1,0.28,3,0.09,0,59,1,0,236,478,174,0
0,0.78,1,0.22,1,7,0,0,3,58,413,1
0,0.54,0,0.22,1,1,0,1,18,98,1773,1
1,0.29,4,0.0,0,76,0,0,644,9110,193,0
1,0.06,2,0.07,0,108,1,1,492,1013,285,0
1,0.17,2,0.06,1,45,1,1,311,4682,134,0
1,0.25,2,0.09,0,145,0,1,993,8678,745,0
1,0.13,4,0.08,1,100,1,1,130,8204,400,0
1,0.23,2,0.01,1,80,1,1,840,8765,107,0
1,0.28,4,0.08,0,112,1,1,132,5480,872,0
0,0.67,1,0.15,0,9,0,1,5,78,848,1
0,0.91,0,0.49,1,4,0,1,11,91,220,1
1,0.28,1,0.09,0,78,1,0,667,5536,727,0
1,0.95,0,0.28,1,9,0,1,12,39,805,1
0,0.72,1,0.17,1,20,0,0,9,34,1754,1
1,0.88,1,0.33,1,7,0,0,20,16,426,1
1,0.54,0,0.28,0,11,0,0,18,100,1046,1
1,0.14,2,0.05,1,71,0,0,79,7241,572,0
1,0.07,1,0.02,0,88,1,1,266,1638,500,0
1,0.78,0,0.37,1,0,0,0,20,40,1998,1
0,0.7,0,0.36,1,10,0,0,6,82,1738,1
1,0.1,4,0.05,0,97,0,1,839,3145,574,0
1,0.84,0,0.28,1,12,0,0,18,25,669,1
0,0.97,0,0.38,1,1,0,0,13,29,565,1
1,0.24,1,0.09,0,98,1,1,785,9308,798,0
0,0.54,1,0.46,1,17,0,1,5,62,776,1
1,0.27,2,0.0,0,125,1,1,998,1506,622,0
1,0.94,0,0.47,0,13,0,1,20,29,1195,1
0,0.57,0,0.47,1,4,0,1,5,76,1020,1
0,0.68,1,0.3,1,9,1,0,18,78,1711,1
0,0.57,0,0.24,1,15,0,0,7,54,1927,1
0,0.73,1,0.27,1,6,0,0,11,79,671,1
0,0.96,0,0.48,1,10,0,1,10,22,1967,1
1,0.17,4,0.05,1,116,0,0,946,9602,965,0
0,0.68,1,0.18,1,12,0,0,10,34,920,1
1,0.26,1,0.09,0,106,1,1,916,2408,306,0
1,0.3,1,0.03,0,123,0,1,760,2712,181,0
1,0.01,4,0.03,0,39,0,1,674,701,963,0
0,0.69,0,0.34,0,17,0,0,1,45,436,1
1,0.51,0,0.39,1,15,0,1,6,61,1224,1
0,0.68,1,0.07,1,15,0,0,14,45,1389,1
0,0.62,0,0.49,1,0,0,1,6,92,1682,1
0,0.98,1,0.37,1,1,1,0,1,87,1946,1
1,0.08,2,0.08,0,104,1,1,437,2915,797,0
0,0.95,1,0.03,1,7,0,0,19,24,832,1
0,0.75,1,0.43,1,19,0,1,5,97,416,1
0,0.78,1,0.43,1,8,0,0,9,11,1793,1
1,0.05,1,0.03,0,109,1,1,589,6485,433,0
1,0.04,1,0.1,0,134,1,1,920,6067,529,0
1,0.96,1,0.27,0,14,0,1,7,42,1096,1
0,0.67,0,0.06,1,13,0,0,11,45,1182,1
1,0.66,0,0.18,1,12,0,0,0,55,695,1
1,0.21,2,0.06,0,33,0,1,714,6826,698,0
1,0.29,4,0.04,0,134,1,1,250,2170,430,0
1,0.28,2,0.06,0,57,0,1,823,5256,709,0
1,0.03,2,0.03,0,35,1,1,309,5333,227,0
1,0.0,2,0.05,0,149,0,0,374,464,441,0
1,0.3,3,0.09,0,74,0,1,86,2924,755,0
1,0.06,1,0.02,0,23,0,1,237,6380,154,0
1,0.8,1,0.12,1,13,0,1,15,73,1238,1
0,0.52,0,0.38,0,9,0,1,15,62,1158,1
0,0.9,0,0.09,1,18,1,0,18,48,1024,1
0,0.98,0,0.25,1,13,0,0,9,79,147,1
1,0.12,3,0.08,0,56,1,0,153,2785,368,0
0,0.85,0,0.01,0,16,0,0,12,29,1234,1
0,0.82,1,0.43,1,7,0,1,14,36,1912,1
0,0.84,0,0.15,1,16,0,0,3,11,190,1
1,0.08,3,0.09,0,150,1,1,110,980,170,0
1,0.15,2,0.02,0,119,1,1,96,3120,939,0
0,0.92,0,0.18,0,12,0,0,15,49,1643,1
1,0.19,1,0.06,0,41,0,1,820,3187,731,0
1,0.02,3,0.08,0,144,0,1,207,2432,118,0
0,0.85,0,0.2,1,13,0,0,12,94,113,1
0,0.77,0,0.11,1,13,0,1,0,66,1247,1
1,0.8,0,0.27,0,4,0,0,15,33,299,1
0,0.98,0,0.14,1,20,0,0,2,20,478,1
0,0.71,0,0.28,1,20,0,0,16,43,1070,1
1,0.63,1,0.04,1,14,0,1,14,83,1495,1
1,0.03,1,0.08,0,149,0,1,844,8128,978,0
0,0.87,1,0.28,1,13,0,1,19,25,106,1
1,0.61,0,0.31,1,1,0,1,11,100,906,1
1,0.65,0,0.45,1,20,0,0,16,34,175,1
1,0.68,0,0.18,1,2,0,0,1,57,1066,1
0,0.92,1,0.44,1,10,0,0,15,11,615,1
0,0.88,1,0.15,1,2,0,0,17,45,1337,1
1,0.05,1,0.01,0,51,0,1,548,3277,725,0
0,0.57,1,0.25,1,4,1,0,6,91,831,1
0,0.78,1,0.4,1,17,0,0,9,72,1634,1
0,0.96,1,0.38,1,12,0,0,13,19,733,1
1,0.61,1,0.14,0,19,0,0,10,68,624,1
0,0.97,0,0.09,1,9,0,0,14,70,1062,1
1,0.17,3,0.01,0,39,1,1,845,2912,934,0
1,0.07,3,0.07,0,48,0,0,829,9097,741,0
0,0.53,1,0.13,1,3,0,0,14,95,540,1
1,0.24,4,0.1,1,33,1,1,563,3257,160,0
0,0.8,0,0.02,0,16,0,0,14,63,1984,1
0,0.67,1,0.1,1,5,0,1,1,37,404,1
1,0.28,1,0.03,0,76,0,1,914,6530,102,0
0,0.94,0,0.07,1,18,0,1,10,16,606,1
1,0.06,2,0.01,0,76,0,1,310,2140,910,0
1,0.17,1,0.09,0,119,0,0,291,7935,885,0
1,0.26,1,0.01,0,117,0,1,415,3675,165,0
0,0.97,1,0.46,1,1,0,1,12,97,1547,1
1,0.08,4,0.01,0,76,1,1,227,1830,377,0
1,0.17,1,0.06,1,109,0,1,101,8513,398,0
1,0.01,4,0.09,0,37,1,1,141,1874,761,0
1,0.2,4,0.08,0,99,0,1,647,8675,235,0
1,0.92,1,0.41,0,3,0,1,9,46,618,1
1,0.13,4,0.07,0,89,1,1,952,3251,821,0
1,0.24,1,0.01,0,140,0,1,414,3975,633,0
0,0.59,0,0.14,1,12,0,0,20,48,1341,1
0,0.52,0,0.41,1,1,1,0,1,33,1021,1
1,0.06,1,0.01,0,104,1,0,286,4612,494,0
1,0.24,3,0.04,0,38,0,1,379,2243,623,0
0,0.56,1,0.2,1,17,0,0,19,86,199,1
0,0.53,1,0.24,1,4,0,0,8,45,561,1
0,0.79,0,0.27,1,8,0,0,12,84,1048,1
1,0.17,3,0.1,0,50,0,1,470,3296,985,0
0,1.0,1,0.29,0,15,0,1,18,12,790,1
0,0.58,0,0.07,1,6,0,0,19,62,742,1
1,0.24,4,0.03,0,36,0,1,101,7848,971,0
1,0.14,4,0.01,0,112,0,0,414,4129,855,0
1,0.03,4,0.06,0,131,0,1,389,9506,604,0
0,0.64,1,0.18,1,11,0,0,15,100,1532,1
0,0.99,0,0.32,1,14,0,0,14,66,495,1
1,0.22,3,0.05,0,124,1,0,319,5693,532,0
1,0.21,2,0.05,0,74,0,1,678,5800,530,0
0,0.86,1,0.18,1,3,0,0,10,25,473,1
1,0.05,2,0.02,0,148,0,1,569,3964,369,0
1,0.19,2,0.04,0,137,0,1,542,7643,566,0
1,0.21,2,0.05,0,109,1,0,889,5192,722,0
1,0.5,1,0.38,1,0,0,0,12,96,950,1
1,0.22,1,0.02,0,110,0,0,369,1990,315,0
1,0.0,2,0.05,0,118,1,1,621,8881,876,0
1,0.24,4,0.05,0,144,1,0,145,5270,178,0
1,0.26,4,0.09,1,83,0,0,529,8242,579,0
1,0.16,2,0.01,0,125,0,1,948,3539,501,0
1,0.02,2,0.01,0,134,0,1,435,5393,373,0
1,0.21,2,0.1,0,29,0,0,161,4987,611,0
1,0.29,4,0.02,0,47,1,1,936,6245,143,0
1,0.65,1,0.26,1,18,0,0,12,56,1563,1
1,1.0,0,0.39,1,6,0,0,1,31,1760,1
1,0.89,1,0.39,1,14,0,0,0,17,1702,1
1,0.24,2,0.04,0,37,1,1,374,7670,991,0
1,0.78,1,0.18,1,11,0,0,6,97,655,1
0,0.93,1,0.44,1,13,1,0,8,41,240,1
1,0.13,2,0.06,0,99,0,1,115,9729,675,0
1,0.25,3,0.05,0,84,0,1,341,205,860,0
1,0.04,2,0.08,0,37,0,1,680,5981,358,0
1,0.02,4,0.02,0,45,0,0,722,6566,559,0
1,0.93,0,0.15,1,18,0,1,4,99,1093,1
1,0.75,0,0.16,1,8,0,1,12,81,1322,1
1,0.14,1,0.04,0,137,0,1,727,6758,536,0
1,0.19,2,0.07,0,53,0,1,962,269,529,0
0,0.89,1,0.07,1,12,0,1,6,96,1459,1
1,0.23,1,0.04,0,120,0,1,625,7674,706,0
1,0.72,1,0.01,1,20,0,1,0,26,1724,1
0,0.64,1,0.11,0,16,1,0,12,89,1200,1
1,0.26,2,0.04,0,29,1,1,332,6610,399,0
1,0.24,3,0.1,0,109,1,1,125,7135,748,0
1,0.18,4,0.01,0,62,1,1,317,5154,780,0
1,0.3,2,0.06,0,98,1,1,673,350,816,0
0,0.79,1,0.49,1,5,1,0,4,38,1520,1
0,0.85,1,0.29,1,16,0,0,5,10,1595,1
0,0.55,0,0.48,1,13,0,0,20,22,1151,1
1,0.25,2,0.04,0,82,1,1,830,4320,974,0
1,0.12,3,0.0,0,101,0,1,907,8329,766,0
1,0.79,0,0.16,1,20,0,1,19,84,1617,1
0,0.79,1,0.29,1,17,0,0,5,73,962,1
1,0.28,2,0.04,0,145,0,0,890,832,974,0
1,0.21,4,0.1,0,91,1,0,194,5790,712,0
1,0.27,3,0.1,1,95,0,1,467,8223,508,0
0,0.99,0,0.12,1,2,1,0,9,85,1628,1
1,0.11,2,0.0,0,58,0,1,472,2657,501,0
1,0.25,3,0.01,0,97,1,1,429,5000,713,0
0,0.88,1,0.34,1,18,0,1,3,66,1155,1
1,0.1,4,0.05,0,115,0,1,402,8598,925,0
1,0.63,1,0.37,1,18,0,1,6,39,1451,1
0,0.51,1,0.09,0,7,1,0,18,87,277,1
1,0.16,2,0.03,0,88,1,1,545,1364,174,0
1,0.54,0,0.38,1,7,0,0,8,90,107,1
1,0.06,2,0.09,0,43,0,1,143,3358,222,0
0,0.77,1,0.41,1,8,0,0,9,43,1133,1
0,0.74,0,0.29,1,0,0,1,14,31,1489,1
1,0.2,2,0.07,0,110,0,1,940,9068,915,0
0,0.87,0,0.07,1,13,0,0,20,29,1363,1
1,0.97,0,0.38,1,2,0,1,11,39,683,1
1,0.91,0,0.14,1,3,0,0,7,75,1965,1
1,0.29,3,0.06,0,60,1,1,804,2135,992,0
1,0.08,1,0.02,0,118,1,1,308,6579,361,0
1,0.24,2,0.1,0,122,1,1,673,8421,252,0
0,0.56,0,0.32,1,1,1,0,6,37,1297,1
1,0.7,1,0.32,0,4,0,1,12,90,853,1
1,0.29,2,0.04,0,103,1,1,251,2281,128,0
1,0.65,0,0.06,1,17,0,1,3,45,1534,1
1,0.62,1,0.01,1,4,0,1,6,80,1844,1
0,0.87,0,0.36,1,0,1,1,1,86,1828,1
1,0.13,2,0.07,1,124,0,1,83,7283,227,0
1,0.07,4,0.09,0,117,1,0,842,2345,155,0
1,0.19,4,0.02,0,95,0,1,446,1373,769,0
1,0.12,3,0.06,0,103,0,1,733,9535,851,0
1,0.68,1,0.28,0,0,0,0,13,20,1931,1
1,0.14,2,0.07,1,43,1,1,171,9422,159,0
0,0.64,1,0.47,0,19,0,0,19,44,940,1
1,0.55,1,0.07,1,3,0,1,0,65,642,1
1,0.95,1,0.17,1,15,0,1,1,15,652,1
1,0.25,2,0.07,0,49,1,1,418,656,693,0
1,0.72,0,0.23,1,19,0,0,10,12,1602,1
1,0.08,3,0.04,0,45,0,0,660,3337,723,0
1,0.2,2,0.1,0,139,0,1,596,3087,296,0
1,0.28,4,0.0,0,131,0,0,747,6778,821,0
0,0.95,0,0.41,1,0,1,1,20,18,345,1
0,0.64,0,0.34,1,7,1,0,6,95,268,1
1,0.89,1,0.0,0,15,0,1,6,33,301,1
1,0.08,4,0.02,0,123,0,0,941,8523,542,0
1,0.55,0,0.49,1,10,0,0,3,26,1937,1
1,0.5,0,0.31,1,9,0,0,1,44,1402,1
0,0.55,0,0.33,1,12,0,1,9,43,654,1
1,0.1,1,0.01,0,66,1,0,76,3773,419,0
0,0.99,0,0.14,1,7,0,1,16,91,983,1
0,0.96,0,0.08,0,16,0,0,19,99,1084,1
1,0.91,0,0.34,1,13,0,1,14,25,514,1
0,0.66,1,0.48,1,5,0,0,9,57,409,1
1,0.15,2,0.01,0,64,0,1,450,1631,589,0
0,0.62,1,0.22,1,10,0,1,17,37,550,1
1,0.22,1,0.1,0,46,0,1,716,5335,689,0
1,0.16,3,0.06,0,53,1,1,120,3673,793,0
1,0.21,3,0.09,0,50,1,0,667,9229,676,0
1,0.9,1,0.41,1,11,0,0,12,85,307,1
1,0.18,3,0.07,0,107,0,1,744,5395,476,0
1,0.56,0,0.13,1,4,0,1,3,52,602,1
0,0.6,1,0.02,1,8,0,1,11,40,1852,1
1,0.04,4,0.01,0,80,0,1,790,1119,888,0
0,0.59,0,0.15,1,8,0,1,6,63,1357,1
1,0.15,2,0.09,0,82,1,0,482,1315,410,0
1,0.51,0,0.26,1,4,0,1,7,91,185,1
1,0.28,2,0.06,0,55,0,0,593,8611,947,0
1,0.09,1,0.06,0,51,1,1,429,864,990,0
0,0.53,0,0.26,1,6,1,0,5,57,460,1
0,0.85,1,0.07,0,5,0,0,17,65,128,1
1,0.27,4,0.08,1,77,1,1,806,4502,823,0
1,0.12,2,0.05,0,123,0,1,277,2851,589,0
1,0.05,4,0.1,0,112,1,1,740,1057,944,0
0,0.64,0,0.25,1,1,0,0,20,74,575,1
1,0.16,4,0.08,0,128,0,1,341,7607,302,0
0,0.59,1,0.22,1,20,0,0,4,38,668,1
0,0.8,1,0.38,1,17,0,0,5,23,617,1
1,0.01,2,0.08,0,114,1,1,424,4431,589,0
0,0.88,1,0.18,1,8,0,0,12,53,426,1
0,0.88,0,0.33,0,4,0,1,19,25,547,1
1,0.51,1,0.26,1,1,0,0,17,39,638,1
0,0.93,1,0.36,0,16,0,0,2,79,980,1
0,0.56,1,0.24,1,8,0,0,19,57,481,1
0,0.67,1,0.27,1,2,0,1,4,99,1311,1
1,0.04,2,0.03,0,42,1,1,102,4624,877,0
0,0.83,0,0.3,1,17,0,0,10,41,163,1
0,0.96,0,0.41,0,3,0,0,0,68,1086,1
1,0.87,0,0.26,1,8,0,0,5,69,850,1
1,0.19,3,0.0,0,124,0,1,410,9943,627,0
1,0.6,1,0.22,1,3,0,0,7,16,1012,1
0,0.58,0,0.41,1,4,0,0,0,81,627,1
1,0.02,3,0.03,0,65,1,0,258,1932,969,0
1,0.26,3,0.07,0,99,0,1,660,9847,419,0
1,0.09,2,0.01,0,144,0,1,425,1114,699,0
1,0.88,1,0.04,1,10,0,0,18,15,1511,1
1,0.15,1,0.09,0,89,1,1,250,3394,186,0
0,0.61,1,0.17,1,11,0,1,19,13,492,1
1,0.06,3,0.04,0,46,0,1,937,7046,980,0
0,0.99,1,0.33,1,17,0,1,0,36,527,1
0,0.58,0,0.32,1,1,1,0,16,48,193,1
0,0.79,1,0.28,1,9,0,0,4,28,965,1
1,0.19,4,0.07,0,58,1,1,368,8448,823,0
1,0.18,4,0.01,0,31,0,1,763,1297,475,0
1,0.1,4,0.07,0,34,1,1,519,4083,738,0
1,0.19,1,0.02,0,25,0,1,773,815,321,0
1,0.05,2,0.05,0,31,0,1,996,3830,520,0
1,0.81,0,0.47,1,3,0,0,17,35,1169,1
0,0.93,0,0.13,0,0,0,1,10,16,963,1
0,0.79,0,0.32,1,11,0,1,5,73,250,1
1,0.01,1,0.04,0,105,1,0,279,5452,751,0
1,0.17,2,0.08,0,39,0,0,942,3043,647,0
1,0.26,1,0.01,0,80,1,1,818,6040,438,0
1,0.14,3,0.08,0,109,1,0,278,7530,464,0
1,0.25,4,0.09,0,142,0,1,676,5695,494,0
1,0.16,2,0.06,0,76,1,1,560,3196,420,0
0,0.95,0,0.19,1,12,0,1,9,29,1943,1
1,0.26,4,0.04,0,58,1,1,791,2760,883,0
1,0.17,3,0.03,1,80,0,1,915,1839,800,0
0,0.97,0,0.25,1,4,0,1,5,65,386,1
1,0.2,1,0.0,0,42,1,0,998,2414,101,0
1,0.0,3,0.04,0,55,0,1,263,500,621,0
0,0.58,1,0.2,1,5,0,0,19,47,191,1
1,0.12,4,0.04,0,69,0,1,820,530,899,0
1,0.17,3,0.0,0,109,1,0,860,1848,599,0
0,0.73,0,0.37,0,20,0,0,2,94,950,1
1,0.55,0,0.49,1,18,0,1,6,13,1167,1
0,0.66,0,0.46,1,7,0,0,11,83,508,1
0,0.74,0,0.2,0,18,0,1,14,92,291,1
1,0.98,0,0.27,1,19,0,1,2,37,1973,1
0,0.6,0,0.36,1,11,0,0,1,29,1956,1
1,0.25,4,0.01,0,97,0,1,58,5321,311,0
1,0.1,3,0.06,0,91,0,0,814,2157,322,0
1,0.15,2,0.02,0,82,1,0,854,6164,347,0
1,0.01,2,0.02,0,115,1,1,101,938,334,0
0,1.0,0,0.22,1,4,0,1,10,16,1149,1
1,0.06,2,0.07,0,114,0,1,976,3853,841,0
1,0.76,1,0.36,0,1,0,0,18,53,1356,1
1,0.04,3,0.01,0,74,1,1,326,9802,199,0
1,0.21,2,0.06,0,28,1,0,862,6564,928,0
1,0.24,4,0.08,0,122,1,1,887,1318,217,0
1,0.25,3,0.05,0,106,0,1,504,1475,990,0
0,0.75,1,0.37,1,7,0,1,9,44,765,1
1,0.05,2,0.01,0,114,1,0,793,2368,505,0
0,0.91,0,0.06,0,16,0,1,17,93,1430,1
1,0.92,1,0.31,1,18,0,0,17,56,1442,1
0,0.55,0,0.43,1,16,0,1,18,81,1500,1
1,0.25,2,0.03,0,83,0,1,246,9140,244,0
1,0.61,1,0.08,1,10,0,0,10,71,745,1
0,0.52,1,0.24,1,18,0,1,20,57,1071,1
1,0.02,2,0.06,0,67,0,1,720,6283,780,0
0,0.52,1,0.24,1,10,0,1,10,81,734,1
1,0.11,2,0.08,1,55,0,1,462,9365,505,0
0,0.87,0,0.47,0,3,0,0,12,27,968,1
1,0.2,3,0.04,0,128,0,0,962,9405,384,0
0,0.83,0,0.17,0,18,0,0,15,96,1816,1
1,0.12,2,0.04,0,75,1,0,859,960,830,0
1,0.25,3,0.0,0,93,0,0,546,7749,182,0
1,0.24,2,0.04,0,41,0,1,861,467,265,0
1,0.3,2,0.05,0,141,1,1,617,5117,400,0
0,0.63,0,0.29,1,4,0,0,14,80,1110,1
0,0.59,1,0.45,0,4,0,0,18,57,1847,1
0,0.8,1,0.15,1,11,0,0,1,99,1956,1
1,0.18,1,0.02,0,20,0,1,517,2409,193,0
1,0.27,3,0.02,0,112,0,1,668,6455,217,0
1,0.01,2,0.01,0,95,0,0,540,3866,761,0
0,0.87,1,0.37,0,9,0,0,15,54,1141,1
1,0.05,2,0.06,0,123,0,1,911,8956,930,0
1,0.24,4,0.09,0,95,0,1,739,2224,986,0
1,0.26,1,0.03,0,140,1,0,871,9049,506,0
1,0.27,4,0.03,0,102,1,1,667,8945,756,0
1,0.16,2,0.05,0,24,1,0,411,6731,562,0
1,0.14,1,0.1,0,75,1,1,142,1178,551,0
1,0.57,0,0.42,1,14,0,0,12,98,1797,1
1,0.13,2,0.05,1,62,0,1,340,1381,428,0
1,0.25,4,0.04,0,88,0,1,516,1184,739,0
0,0.92,1,0.07,1,0,0,0,17,23,1290,1
0,0.59,1,0.29,1,8,0,0,20,99,1088,1
0,0.6,0,0.32,0,3,0,1,14,87,1430,1
1,0.1,2,0.0,0,51,0,0,784,9201,488,0
1,0.24,4,0.06,0,79,0,0,508,801,237,0
1,0.62,1,0.36,1,8,0,0,19,68,1727,1
1,0.08,2,0.06,1,54,1,1,828,2807,158,0
0,0.52,0,0.39,1,19,0,1,4,86,1387,1
1,0.96,1,0.36,1,17,0,0,6,71,1267,1
1,0.05,2,0.08,0,50,0,1,655,3625,537,0
1,0.1,2,0.02,0,113,1,1,376,2423,176,0
1,0.96,0,0.33,1,9,0,0,3,37,712,1
0,0.66,0,0.14,1,15,0,0,16,57,1538,1
1,0.17,4,0.07,0,69,0,1,397,8678,188,0
1,0.22,3,0.04,1,108,0,1,112,9613,816,0
1,0.28,3,0.03,0,37,1,1,501,540,177,0
0,0.79,0,0.49,0,7,0,0,11,69,1638,1
1,0.03,1,0.05,0,120,0,0,390,3878,423,0
1,0.85,1,0.04,1,4,0,0,4,40,461,1
1,0.06,1,0.05,0,101,0,1,937,8442,512,0
0,0.75,0,0.27,1,14,0,0,19,17,831,1
0,0.63,1,0.32,0,9,0,0,5,15,941,1
1,0.04,3,0.1,0,115,0,0,394,4602,736,0
1,0.96,1,0.15,0,11,0,0,6,29,370,1
1,0.19,3,0.08,0,118,0,1,348,5292,987,0
1,0.77,1,0.39,0,5,0,0,8,45,1099,1
1,0.27,4,0.08,0,120,0,0,491,2865,584,0
0,0.81,1,0.1,1,0,0,1,1,12,1651,1
1,0.1,3,0.02,0,131,1,0,646,3683,720,0
0,0.54,0,0.46,0,11,0,1,8,12,184,1
1,0.13,2,0.06,0,119,1,1,565,4215,479,0
1,0.84,1,0.08,1,13,0,1,0,97,762,1
1,0.07,2,0.01,0,89,1,0,751,5803,818,0
0,0.77,0,0.02,0,20,0,1,5,94,412,1
1,0.54,1,0.02,1,0,0,0,3,27,1240,1
1,0.07,3,0.07,1,59,1,1,494,8626,252,0
1,0.02,2,0.02,0,60,1,1,699,4954,353,0
1,0.61,0,0.49,1,14,0,0,12,27,925,1
0,0.96,0,0.18,1,20,0,1,8,71,434,1
0,1.0,1,0.35,1,14,0,0,3,21,406,1
1,0.23,4,0.07,0,82,0,1,896,1768,885,0
1,0.07,1,0.03,0,100,0,1,654,8651,537,0
0,0.59,0,0.23,1,5,0,0,18,48,209,1
0,0.67,0,0.07,0,0,0,0,6,69,295,1
0,0.98,0,0.41,1,11,0,0,8,89,1652,1
0,0.68,1,0.34,1,5,0,0,17,69,1471,1
0,0.67,0,0.41,1,3,0,0,5,12,1269,1
1,0.02,4,0.08,0,106,1,0,756,8490,597,0
1,0.25,1,0.06,0,101,0,1,441,1703,864,0
1,0.54,1,0.14,0,11,0,1,6,74,1467,1
1,0.24,2,0.05,1,116,0,1,663,4246,389,0
1,0.74,0,0.44,1,16,0,0,17,86,264,1
0,0.53,1,0.48,1,3,0,1,5,95,1170,1
1,0.04,1,0.03,1,34,1,0,925,1595,953,0
1,0.19,1,0.03,0,30,1,0,905,3212,358,0
1,0.75,0,0.46,1,20,0,1,3,52,1217,1
0,0.73,1,0.34,1,16,0,1,15,31,1499,1
1,0.13,4,0.08,0,32,1,1,640,846,654,0
1,0.25,2,0.04,0,104,1,1,217,5298,546,0
0,0.78,0,0.36,0,20,0,1,20,54,730,1
1,0.07,2,0.1,1,43,0,1,105,2754,763,0
1,0.26,1,0.03,0,105,1,0,952,9360,648,0
0,0.63,0,0.17,1,9,0,1,20,65,177,1
1,0.13,1,0.09,0,131,1,1,126,9347,447,0
1,0.59,0,0.19,1,16,0,0,10,28,713,1
0,0.98,1,0.17,1,6,0,0,14,53,1988,1
1,0.28,1,0.02,0,71,1,1,849,8747,129,0
1,0.11,1,0.1,0,130,1,1,101,6870,601,0
1,0.07,3,0.06,0,47,0,0,453,2918,393,0
1,0.83,1,0.12,1,0,1,1,3,85,1322,1
0,0.88,1,0.19,1,11,1,1,14,45,760,1
1,0.23,1,0.04,0,72,1,0,691,2964,607,0
0,0.6,0,0.18,0,8,0,1,6,38,761,1
0,0.53,0,0.43,1,8,0,0,16,68,255,1
0,0.55,0,0.16,1,1,0,0,0,95,1576,1
1,0.61,1,0.23,1,17,0,1,13,36,1829,1
0,0.69,0,0.03,1,16,0,0,5,80,1593,1
1,0.13,1,0.09,0,76,1,0,889,2896,120,0
0,0.61,0,0.45,1,18,1,0,13,68,1890,1
1,0.18,2,0.02,0,42,0,1,982,264,856,0
1,0.09,1,0.09,0,106,1,0,176,5480,709,0
1,0.07,4,0.05,0,126,0,1,196,2154,785,0
1,0.22,4,0.1,0,86,0,1,453,3887,142,0
1,0.09,3,0.06,0,85,1,1,950,2818,297,0
0,0.71,1,0.36,1,13,0,0,14,33,421,1
1,0.23,2,0.09,0,105,1,0,674,5886,882,0
0,0.71,1,0.13,1,7,0,1,12,84,1868,1
0,0.76,1,0.43,1,13,0,1,16,27,1069,1
1,0.55,0,0.32,1,15,0,1,19,98,667,1
1,0.16,1,0.05,0,41,0,1,871,4458,473,0
0,0.73,1,0.43,1,13,0,0,5,26,1467,1
1,0.13,1,0.07,0,38,0,1,341,5245,730,0
1,0.26,3,0.06,0,58,1,1,950,9025,299,0
1,0.07,1,0.06,1,49,0,1,582,1198,584,0
0,0.83,0,0.32,0,7,1,1,20,88,122,1
0,0.64,1,0.26,1,3,0,0,3,26,931,1
1,0.27,4,0.02,0,75,0,0,306,9653,677,0
1,0.11,1,0.04,0,68,1,0,869,8270,953,0
0,0.51,1,0.4,0,12,0,0,15,54,1028,1
0,0.81,1,0.49,1,15,0,1,8,30,1781,1
0,0.88,0,0.39,1,17,0,0,0,65,892,1
1,0.16,2,0.08,0,62,0,1,985,2826,292,0
0,0.65,1,0.44,1,8,0,0,16,10,1053,1
0,0.7,1,0.47,1,7,0,1,10,48,1584,1
1,0.0,4,0.03,0,34,1,1,132,3117,542,0
1,0.51,0,0.05,1,14,0,0,4,11,488,1
1,0.1,3,0.04,0,96,1,0,827,6297,250,0
1,0.17,2,0.01,0,76,1,1,655,5381,501,0
0,0.76,1,0.04,1,1,0,1,17,25,849,1
0,0.73,1,0.04,1,7,0,1,8,71,188,1
1,0.76,1,0.4,1,10,0,1,8,26,1187,1
1,0.66,0,0.17,1,1,0,0,16,43,249,1
1,0.2,4,0.06,0,107,0,0,670,4489,457,0
1,0.24,3,0.04,0,148,1,1,153,3934,984,0
1,0.04,3,0.04,1,117,0,1,658,456,181,0
1,0.13,3,0.06,1,65,0,1,163,9197,494,0
1,0.7,1,0.41,1,3,1,1,6,69,753,1
1,0.16,2,0.08,0,129,1,1,882,3905,546,0
1,0.02,3,0.06,0,132,0,0,938,1360,987,0
1,0.15,1,0.04,0,24,1,1,952,3507,234,0
1,0.18,2,0.05,0,101,0,0,252,5830,829,0
0,0.91,1,0.38,1,17,0,0,6,87,1670,1
1,0.17,4,0.05,0,36,1,1,507,8378,956,0
0,0.91,1,0.06,1,10,0,1,16,84,1895,1
1,0.26,4,0.07,0,28,1,1,147,4320,313,0
0,0.87,1,0.44,1,3,0,0,19,65,791,1
1,0.11,2,0.07,1,143,1,1,714,6114,439,0
1,0.15,1,0.02,0,95,1,1,583,1804,116,0
0,0.85,1,0.47,0,5,0,0,15,86,1598,1
0,0.59,1,0.4,1,10,0,1,0,91,415,1
0,0.85,1,0.47,1,13,0,0,14,44,1884,1
0,0.84,1,0.26,0,12,0,1,14,84,1105,1
1,0.15,3,0.03,1,77,1,1,297,4442,167,0
1,0.11,3,0.0,0,109,1,1,148,7633,264,0
0,0.74,0,0.29,1,16,0,1,17,95,1099,1
1,0.16,4,0.1,0,122,1,1,270,5490,223,0
0,0.6,1,0.39,1,15,0,1,18,49,1606,1
1,0.24,3,0.07,0,100,0,0,319,5933,107,0
0,0.78,1,0.34,1,11,0,1,2,77,1726,1
1,0.15,1,0.08,0,89,0,1,275,7703,645,0
1,0.01,1,0.1,1,136,0,1,543,9210,420,0
1,0.15,3,0.01,0,143,1,0,573,3634,518,0
0,0.93,0,0.22,1,9,0,0,4,90,1472,1
1,0.24,4,0.04,0,118,1,1,241,7947,657,0
1,0.02,2,0.05,0,147,0,1,334,5701,792,0
1,0.24,3,0.08,1,51,1,1,303,9308,514,0
0,0.84,1,0.26,1,14,0,0,5,12,1154,1
1,0.12,2,0.02,0,119,1,1,765,8376,740,0
1,0.19,4,0.07,0,64,1,1,720,8439,384,0
0,0.55,0,0.4,1,11,0,0,7,45,1970,1
1,0.0,2,0.04,0,68,1,1,599,7942,543,0
0,0.84,1,0.12,1,5,0,1,12,16,1997,1
1,0.27,3,0.01,0,72,0,1,349,8117,192,0
1,0.09,1,0.04,1,82,1,1,937,6717,464,0
0,0.71,1,0.09,0,16,0,0,19,31,1152,1
0,0.69,0,0.08,1,5,0,0,3,54,1851,1
1,0.23,1,0.0,0,88,0,1,629,8541,212,0
1,0.69,1,0.35,1,11,0,1,4,79,756,1
1,0.02,2,0.03,0,129,1,1,968,9820,148,0
0,0.53,0,0.25,1,7,0,1,12,72,1813,1
1,0.13,4,0.07,0,139,0,1,70,7549,232,0
1,0.29,1,0.07,0,87,0,1,779,2626,732,0
0,0.58,0,0.06,0,2,0,0,19,29,1480,1
0,0.6,0,0.25,0,13,1,1,19,86,1400,1
0,0.93,1,0.34,1,4,0,0,0,20,1552,1
0,0.58,0,0.44,1,8,0,1,8,78,1547,1
0,0.55,0,0.02,0,18,0,0,11,75,301,1
0,0.56,1,0.48,1,2,0,1,5,87,423,1
1,0.05,1,0.05,0,63,0,0,745,8680,118,0
1,0.24,3,0.05,0,137,0,1,266,6466,384,0
1,0.09,2,0.04,1,38,0,1,664,3409,331,0
0,0.84,1,0.36,1,3,1,0,3,22,1097,1
1,0.12,2,0.07,0,57,1,1,662,3730,909,0
0,0.99,1,0.2,0,9,0,0,17,78,1255,1
0,0.78,0,0.17,1,3,0,0,16,25,1467,1
1,0.28,3,0.06,0,32,1,1,668,6677,221,0
1,0.14,2,0.02,0,22,1,1,656,1522,236,0
0,0.63,0,0.43,1,2,0,1,9,82,420,1
1,0.01,1,0.04,0,117,0,0,679,8358,534,0
1,0.19,2,0.08,0,88,0,1,933,433,559,0
1,0.23,3,0.06,0,128,0,1,903,703,538,0
1,0.24,1,0.08,0,120,1,1,215,9406,406,0
0,0.74,0,0.31,0,2,0,0,0,39,1184,1
1,0.27,2,0.06,0,61,0,1,559,4235,406,0
1,0.22,4,0.07,0,116,0,1,784,679,623,0
0,0.64,1,0.24,1,5,1,1,16,93,588,1
1,0.11,1,0.08,0,82,0,1,879,7837,114,0
0,0.68,0,0.22,1,13,0,1,2,65,1045,1
1,0.5,0,0.21,1,15,0,1,7,51,1748,1
1,0.18,2,0.04,0,69,0,1,203,5819,690,0
0,0.59,1,0.04,1,5,0,1,0,36,1932,1
1,0.14,1,0.06,0,33,0,1,388,4623,267,0
1,0.11,2,0.01,0,134,1,0,84,9086,512,0
1,0.21,3,0.1,0,104,1,0,374,8425,571,0
1,0.05,4,0.02,0,100,0,1,423,4722,346,0
1,0.28,4,0.02,0,81,0,1,359,1326,308,0
1,0.22,2,0.04,0,109,1,1,720,7545,108,0
1,0.18,3,0.06,0,99,0,1,738,4836,710,0
1,0.75,1,0.22,1,14,0,1,10,70,1167,1
1,0.25,1,0.04,0,80,1,1,644,7993,510,0
1,0.61,1,0.12,1,7,0,1,20,59,1306,1
0,0.51,1,0.07,0,3,0,1,9,73,1312,1
1,0.66,1,0.22,1,1,0,1,1,20,644,1
1,0.03,1,0.08,0,85,0,1,207,2090,353,0
0,0.64,1,0.13,1,3,0,0,8,49,1463,1
0,0.78,0,0.02,1,10,0,0,14,97,1855,1
1,0.08,1,0.05,0,84,0,0,294,2529,893,0
0,0.57,1,0.2,1,17,0,0,12,69,226,1
1,0.16,3,0.08,0,117,0,0,54,2246,113,0
1,0.82,0,0.38,0,16,0,0,15,74,576,1
1,0.87,0,0.07,1,3,0,0,17,53,1782,1
1,0.22,1,0.08,0,78,0,1,170,9843,573,0
0,0.89,1,0.42,1,11,1,0,8,99,1836,1
1,0.07,1,0.05,0,150,1,1,903,2504,982,0
1,0.16,4,0.08,0,48,1,1,568,9938,435,0
1,0.16,2,0.01,0,44,0,1,434,8941,766,0
1,0.88,0,0.47,1,12,0,1,9,39,1115,1
1,0.54,1,0.07,1,7,0,0,3,11,451,1
1,0.15,2,0.0,0,75,0,0,96,7425,510,0
1,0.26,2,0.01,0,84,1,1,56,9134,866,0
1,0.2,4,0.08,0,139,1,1,179,6139,249,0
1,0.87,0,0.02,1,3,1,0,7,23,1727,1
1,0.04,4,0.03,0,49,0,1,998,3566,862,0
1,0.58,1,0.3,1,4,0,0,15,28,1985,1
0,0.57,1,0.39,1,0,0,0,6,40,777,1
1,0.56,0,0.08,0,1,0,1,16,59,426,1
0,0.91,0,0.36,0,1,0,0,2,31,1751,1
0,0.89,0,0.0,1,17,0,0,0,32,1070,1
1,0.16,2,0.04,0,134,0,1,599,9163,797,0
0,0.8,0,0.04,1,0,1,0,18,45,1368,1
1,0.1,1,0.08,0,111,1,1,624,4900,899,0
1,0.29,4,0.05,0,21,0,1,308,7184,542,0
1,0.97,0,0.2,0,14,0,0,3,75,616,1
1,0.03,3,0.09,0,147,1,1,75,5708,392,0
1,0.8,0,0.24,1,10,0,0,13,56,633,1
1,0.09,4,0.01,1,133,1,1,70,2437,603,0
1,0.11,3,0.03,0,71,1,1,356,8189,832,0
0,0.7,1,0.46,1,13,0,1,10,50,1753,1
1,0.08,2,0.08,0,117,1,1,474,5912,599,0
1,0.04,3,0.06,0,140,0,1,145,8303,318,0
0,0.83,1,0.02,0,6,0,0,19,95,1021,1
1,0.05,3,0.05,0,50,1,1,937,7798,941,0
0,0.71,0,0.41,1,3,0,1,3,71,726,1
0,0.69,0,0.25,1,6,0,1,14,51,197,1
1,0.04,1,0.1,0,132,1,1,657,3685,617,0
0,0.76,1,0.35,0,0,0,0,16,70,923,1
0,0.65,1,0.4,0,3,0,1,0,90,1377,1
0,0.52,0,0.36,0,9,0,1,11,14,1991,1
0,0.69,1,0.02,1,5,0,0,17,91,803,1
1,0.07,3,0.01,0,54,0,1,108,8734,723,0
1,0.73,1,0.43,1,16,0,0,17,45,1189,1
0,0.75,0,0.1,1,8,0,0,11,53,1693,1
1,0.15,1,0.08,0,101,0,1,932,5255,145,0
0,0.98,1,0.4,1,20,0,1,20,47,502,1
1,0.59,0,0.14,1,5,0,0,5,39,1069,1
1,0.28,2,0.05,0,22,1,1,432,605,790,0
0,0.51,0,0.16,1,11,0,1,0,67,581,1
1,1.0,1,0.32,1,13,0,1,20,61,1039,1
1,0.2,4,0.03,0,98,0,0,984,4313,246,0
1,0.99,1,0.25,1,12,0,0,7,90,1713,1
0,0.7,1,0.48,1,18,0,0,3,56,1949,1
1,0.24,3,0.05,0,27,1,1,350,3192,775,0
1,0.26,2,0.08,0,47,1,1,441,6478,261,0
0,0.94,0,0.14,1,7,0,1,5,25,1898,1
1,0.13,2,0.02,0,38,1,1,693,4974,573,0
0,0.69,1,0.17,1,10,1,1,12,94,1583,1
0,0.77,0,0.4,0,9,0,0,6,28,231,1
1,0.56,0,0.34,0,2,0,0,9,75,390,1
0,0.65,0,0.4,1,11,0,0,0,90,810,1
1,0.18,2,0.08,0,31,1,1,882,8561,891,0
0,0.5,1,0.43,1,14,0,1,3,84,1971,1
1,0.18,4,0.03,0,134,0,0,310,5980,297,0
0,0.66,0,0.17,1,13,0,1,16,25,828,1
0,0.99,1,0.26,1,9,0,0,11,62,578,1
1,0.12,2,0.03,0,64,1,0,995,1595,148,0
1,0.19,2,0.01,0,138,1,1,168,5254,113,0
1,0.09,3,0.08,1,86,0,1,909,1642,623,0
1,0.17,4,0.05,0,112,1,1,886,2042,753,0
0,0.65,1,0.16,1,4,0,0,3,67,1465,1
0,0.96,0,0.21,1,10,0,1,4,99,475,1
1,0.29,3,0.06,0,46,1,1,310,3814,444,0
0,0.57,1,0.31,1,20,0,0,3,78,430,1
1,0.21,3,0.08,0,134,0,0,478,1115,237,0
0,0.98,0,0.05,1,3,0,0,6,80,855,1
1,0.69,0,0.33,1,15,0,0,7,95,462,1
1,0.28,3,0.01,0,85,1,0,186,9561,323,0
1,0.01,4,0.03,0,107,0,0,62,3017,495,0
0,0.51,1,0.3,1,11,0,0,2,63,168,1
1,0.1,1,0.08,0,147,1,1,943,8686,401,0
1,0.09,3,0.09,0,117,0,0,848,2499,972,0
0,0.67,0,0.3,1,20,0,0,3,33,1628,1
1,0.1,2,0.05,0,75,0,1,90,4097,924,0
1,0.01,2,0.01,0,114,1,1,262,4613,677,0
1,0.07,3,0.07,0,137,0,1,623,2011,903,0
1,0.22,2,0.08,0,118,1,1,732,3551,853,0
1,0.26,3,0.06,0,117,1,1,386,7886,604,0
1,0.29,2,0.07,0,135,1,1,551,395,668,0
1,0.18,2,0.01,0,100,1,1,188,4996,989,0
1,0.69,1,0.05,1,3,0,0,17,96,1594,1
0,0.81,0,0.09,1,7,0,1,3,43,137,1
1,0.69,0,0.48,1,13,0,0,12,17,1163,1
0,0.9,1,0.37,1,13,0,1,9,31,828,1
0,0.84,1,0.26,1,13,0,0,2,70,1269,1
1,0.15,4,0.07,0,121,1,1,712,5905,676,0
0,0.77,1,0.29,1,16,0,1,0,52,1943,1
0,0.66,1,0.39,1,17,1,0,3,77,520,1
1,0.53,1,0.45,1,15,0,0,9,89,140,1
0,0.7,0,0.2,1,12,0,0,14,84,949,1
1,0.78,0,0.29,1,4,1,0,0,29,426,1
0,0.95,0,0.2,1,16,0,0,14,71,849,1
0,0.56,1,0.44,1,0,1,0,19,36,840,1
1,0.07,3,0.07,0,35,1,1,199,7414,105,0
1,0.14,4,0.01,0,126,1,0,311,5664,522,0
0,0.64,0,0.16,1,1,0,1,18,12,1262,1
1,0.03,1,0.09,1,125,1,1,165,9899,279,0
1,0.91,1,0.31,1,2,0,1,6,31,1311,1
1,0.08,1,0.05,0,117,1,1,708,3787,759,0
0,0.55,0,0.38,1,1,0,0,0,26,1030,1
1,0.64,1,0.4,1,19,0,0,6,95,1379,1
1,0.83,1,0.45,0,18,0,0,1,86,885,1
1,0.27,2,0.07,0,38,0,1,813,427,912,0
0,0.51,0,0.13,1,17,0,1,2,80,949,1
0,0.57,1,0.37,1,4,0,1,14,35,1889,1
1,0.66,0,0.41,1,4,0,1,14,34,1811,1
0,0.83,1,0.2,1,8,0,0,14,42,1668,1
1,0.17,3,0.02,0,108,1,1,545,3368,378,0
0,0.88,0,0.21,1,6,0,1,14,13,139,1
0,0.52,1,0.09,0,2,0,0,20,36,799,1
0,0.51,0,0.5,1,20,0,1,2,56,359,1
1,0.82,0,0.31,1,10,0,1,6,35,1949,1
1,0.84,0,0.35,1,13,0,1,14,14,1683,1
0,0.87,1,0.01,1,1,0,0,15,27,1719,1
0,0.86,0,0.2,1,13,0,0,6,39,1888,1
1,0.24,4,0.01,0,123,1,1,129,7836,595,0
0,0.61,0,0.1,1,4,0,0,1,86,803,1
1,0.11,2,0.01,0,117,0,0,183,9013,322,0
1,0.88,0,0.08,1,19,0,1,18,45,1787,1
0,0.76,1,0.08,0,10,1,0,10,61,406,1
1,0.1,2,0.04,0,143,1,1,638,5274,522,0
1,0.26,2,0.03,0,121,0,1,142,7570,819,0
0,0.75,0,0.15,1,8,0,0,8,43,556,1
0,0.57,1,0.13,1,3,1,1,11,21,537,1
1,0.21,1,0.08,0,147,1,1,172,5942,699,0
1,0.23,4,0.06,0,98,0,0,131,1859,384,0
1,0.69,1,0.41,1,16,0,0,20,85,1143,1
1,0.26,3,0.04,0,78,1,1,494,8180,213,0
0,0.9,1,0.07,1,14,0,0,10,81,1155,1
1,0.28,1,0.09,0,72,1,1,728,2464,967,0
1,0.78,0,0.3,1,2,0,0,7,88,1468,1
1,0.23,2,0.09,1,40,0,1,993,7639,133,0
1,0.02,1,0.08,0,107,1,1,180,9167,373,0
0,0.61,1,0.28,1,1,0,0,8,22,1473,1
1,0.15,4,0.06,0,32,1,1,452,4176,953,0
0,0.97,0,0.45,1,6,0,0,20,16,1826,1
1,0.92,1,0.37,1,17,0,0,17,83,1743,1
1,0.01,2,0.09,1,35,0,1,610,4350,664,0
1,0.19,2,0.07,0,110,0,1,292,6012,559,0
1,0.21,3,0.02,0,145,1,1,695,8678,647,0
0,0.89,0,0.25,1,13,0,1,17,89,1688,1
1,0.12,2,0.06,0,147,1,1,517,6523,637,0
1,0.29,2,0.09,0,33,0,1,870,9709,542,0
0,0.7,0,0.25,0,17,0,0,18,14,1800,1
1,0.07,3,0.0,0,84,0,0,386,7444,283,0
0,0.69,1,0.46,1,11,0,0,17,29,599,1
0,0.62,0,0.17,0,13,0,1,3,100,1169,1
0,0.92,1,0.33,1,3,0,0,19,50,1375,1
0,0.63,1,0.05,1,20,0,0,8,10,460,1
0,0.55,0,0.21,0,5,0,0,2,67,331,1
1,0.16,4,0.02,0,30,1,1,197,2472,595,0
0,0.54,0,0.18,0,7,0,1,4,87,1913,1
0,1.0,0,0.29,1,4,0,0,3,38,1008,1
1,0.07,4,0.02,0,42,1,0,63,7932,526,0
1,0.21,4,0.07,0,33,0,1,560,9506,459,0
0,0.6,0,0.48,1,15,0,0,3,46,1350,1
0,0.85,1,0.26,1,13,0,0,11,25,1415,1
0,0.94,1,0.27,0,3,0,0,11,66,1742,1
1,0.17,1,0.04,0,63,0,0,164,1880,246,0
1,0.08,2,0.05,0,102,0,1,947,6846,848,0
0,0.54,1,0.21,0,14,0,1,8,51,1629,1
1,0.17,2,0.08,0,116,0,0,386,2367,676,0
1,0.1,2,0.03,0,55,1,1,253,8302,810,0
1,0.26,1,0.09,0,88,0,0,318,9330,137,0
0,0.59,0,0.45,1,8,0,0,13,85,1680,1
1,0.97,1,0.32,1,17,0,1,4,40,442,1
1,0.06,4,0.09,0,128,0,1,670,8193,835,0
1,0.51,0,0.5,1,11,0,0,4,61,614,1
0,0.87,0,0.36,1,2,0,0,11,68,164,1
1,0.22,4,0.01,0,74,1,1,867,621,679,0
1,0.53,1,0.42,0,20,0,1,15,69,1515,1
1,0.1,1,0.05,0,35,1,0,935,5513,826,0
1,0.26,1,0.01,0,49,1,1,974,6523,441,0
1,0.29,3,0.02,0,135,1,1,938,7576,830,0
1,0.84,1,0.09,1,19,0,0,13,40,1638,1
0,0.52,1,0.04,1,9,1,0,18,65,1016,1
1,0.92,0,0.01,1,3,0,0,19,54,1638,1
1,0.51,1,0.09,1,6,0,0,13,55,914,1
1,0.2,2,0.08,0,150,1,1,350,7903,883,0
1,0.02,4,0.07,0,87,1,0,417,8918,357,0
1,0.9,0,0.07,1,1,1,0,3,47,744,1
1,0.08,1,0.06,0,48,1,1,255,9397,454,0
1,0.91,0,0.42,1,19,0,1,16,54,1846,1
1,0.68,0,0.15,1,13,0,1,11,86,1932,1
0,0.66,1,0.04,0,5,0,1,20,34,1924,1
1,0.3,3,0.08,0,139,0,1,741,3373,357,0
1,0.06,4,0.05,0,123,1,1,323,3556,150,0
1,0.08,3,0.09,0,76,1,1,950,5513,147,0
1,0.26,1,0.09,0,128,0,0,922,8310,451,0
1,0.28,4,0.1,1,122,1,0,858,5013,173,0
1,0.64,1,0.25,1,7,0,1,2,71,1642,1
0,0.62,0,0.12,1,10,0,0,15,48,1265,1
0,0.95,1,0.3,1,10,0,0,15,11,596,1
1,0.22,2,0.06,0,57,1,0,879,3074,649,0
1,0.03,4,0.05,1,35,0,1,71,4247,588,0
1,0.26,4,0.08,0,109,0,1,708,1431,439,0
1,0.04,4,0.05,0,38,0,1,633,1165,978,0
0,0.75,1,0.45,0,6,1,1,6,17,669,1
0,0.59,1,0.14,1,15,0,0,1,74,687,1
1,0.06,3,0.0,0,149,0,1,295,9465,625,0
1,0.16,3,0.04,0,89,1,1,86,4650,480,0
1,0.53,0,0.04,1,17,0,0,6,22,530,1
1,0.19,3,0.02,1,121,0,1,135,6362,113,0
1,0.03,4,0.09,1,116,1,1,176,284,649,0
1,0.21,1,0.02,0,85,1,1,214,6146,770,0
0,0.67,1,0.17,1,11,0,1,10,47,1637,1
1,0.19,4,0.08,0,86,0,1,404,9939,987,0
1,0.14,3,0.08,0,53,0,1,318,8292,427,0
0,0.69,0,0.46,0,1,0,1,19,32,205,1
1,0.18,4,0.07,0,104,1,1,118,9250,570,0
1,0.16,1,0.0,0,80,0,1,721,4296,320,0
0,0.81,0,0.08,0,16,1,1,5,31,1174,1
1,0.29,3,0.01,1,101,0,1,980,3022,972,0
1,0.57,0,0.29,0,7,0,1,10,11,1977,1
1,0.02,1,0.08,0,36,0,0,994,2593,193,0
1,0.27,3,0.08,0,73,0,1,343,3111,673,0
0,0.82,1,0.44,0,17,0,0,2,61,831,1
1,0.02,4,0.09,0,44,0,1,757,4200,802,0
0,0.8,1,0.28,1,19,0,1,14,87,1149,1
0,0.98,0,0.42,1,18,0,0,17,99,537,1
0,0.7,0,0.01,1,12,0,0,3,70,746,1
0,0.98,1,0.07,1,20,0,0,1,100,1789,1
1,0.29,1,0.09,0,97,1,0,877,2408,149,0
1,0.23,2,0.02,0,120,0,1,750,8326,181,0
1,0.11,1,0.03,0,23,0,1,303,2637,983,0
1,0.07,2,0.07,1,137,0,1,379,8513,685,0
1,0.1,2,0.05,0,56,1,1,334,8346,532,0
1,0.16,2,0.08,0,88,0,1,858,6362,235,0
0,0.95,0,0.26,1,13,0,0,14,72,173,1
1,0.75,1,0.36,0,12,0,1,17,18,1030,1
1,0.25,4,0.07,0,87,1,1,940,4483,530,0
0,0.51,0,0.05,1,20,0,1,14,62,1027,1
1,0.04,2,0.06,1,27,0,1,473,1965,566,0
1,0.03,1,0.09,0,132,0,1,203,9256,808,0
1,0.21,1,0.08,0,37,1,1,801,8045,877,0
1,0.18,3,0.08,0,102,1,1,772,4353,523,0
1,0.53,0,0.36,1,18,0,1,20,57,1307,1
1,0.3,4,0.05,0,38,0,1,614,3219,860,0
1,0.12,4,0.07,0,124,0,0,274,4925,937,0
1,0.14,3,0.1,0,43,0,1,718,4322,313,0
1,0.67,0,0.42,1,11,0,0,14,40,909,1
1,0.09,3,0.02,0,65,0,1,885,3691,531,0
1,0.02,3,0.09,0,85,1,0,350,6926,196,0
1,0.22,1,0.09,0,130,1,1,449,4602,944,0
1,0.12,2,0.08,0,52,0,1,873,2373,762,0
1,0.22,2,0.02,1,85,1,1,435,6034,884,0
0,0.91,1,0.28,1,8,0,0,7,75,676,1
0,0.92,1,0.28,1,18,0,1,4,17,274,1
1,0.04,2,0.08,0,41,0,1,392,5203,469,0
0,0.89,0,0.2,1,20,0,0,2,95,1306,1
1,0.04,3,0.05,0,37,0,1,340,1460,164,0
1,0.19,3,0.03,0,28,0,0,845,8528,683,0
0,0.64,0,0.18,1,20,0,0,4,40,1658,1
1,0.04,2,0.0,0,119,0,1,269,2703,564,0
1,0.2,1,0.01,0,43,1,1,124,5860,547,0
1,0.05,3,0.01,0,72,0,0,864,6419,833,0
1,0.25,3,0.01,0,93,0,1,792,7680,278,0
0,0.59,1,0.36,1,19,0,0,0,85,1561,1
1,0.1,4,0.01,0,30,0,1,894,4897,775,0
0,0.66,1,0.39,1,9,0,0,15,10,582,1
1,0.8,1,0.24,1,11,0,0,10,29,1635,1
0,0.75,0,0.04,0,11,0,0,15,66,142,1
0,0.54,0,0.45,0,15,0,0,20,87,725,1
0,0.66,1,0.49,0,9,0,0,16,62,1790,1
1,0.22,3,0.04,0,105,1,0,858,413,106,0
1,0.14,2,0.06,0,42,1,1,849,9953,508,0
1,0.17,1,0.06,1,139,1,1,553,311,954,0
0,0.54,0,0.18,1,7,0,1,5,37,1827,1
1,0.3,2,0.0,0,66,0,1,636,9483,276,0
0,0.54,1,0.22,1,14,1,0,20,49,657,1
1,0.01,2,0.03,0,99,0,1,326,867,420,0
1,0.55,0,0.42,1,16,0,1,19,47,1289,1
1,0.15,2,0.1,0,26,1,0,626,5629,288,0
0,0.87,1,0.31,0,0,0,1,0,56,955,1
1,0.02,3,0.09,0,54,0,0,508,2622,213,0
1,0.29,1,0.04,0,45,1,1,766,379,370,0
1,0.13,4,0.07,0,39,1,1,111,3482,878,0
1,0.95,1,0.08,0,1,0,1,11,69,858,1
1,0.1,2,0.04,0,86,1,1,937,3721,192,0
0,0.91,0,0.36,1,3,0,0,5,18,598,1
0,0.71,0,0.3,1,14,0,0,3,42,1853,1
1,0.74,1,0.14,1,13,0,0,3,65,937,1
1,0.53,1,0.47,1,8,1,1,16,69,781,1
0,0.56,1,0.11,0,12,0,0,8,59,703,1
1,0.26,2,0.01,0,113,1,0,786,9306,494,0
1,0.01,4,0.05,0,147,1,0,757,1095,985,0
0,0.59,1,0.23,0,13,0,0,16,27,1354,1
1,0.14,2,0.1,1,89,1,1,772,3140,306,0
0,0.78,0,0.23,1,18,0,1,1,57,1657,1
0,0.87,0,0.22,1,20,0,0,8,40,1135,1
1,0.04,1,0.03,0,76,1,0,873,9547,313,0
0,0.74,0,0.22,1,2,0,0,10,76,703,1
1,0.11,1,0.02,0,40,0,1,336,7293,861,0
0,0.52,0,0.28,0,1,1,1,8,63,380,1
1,0.26,3,0.05,0,96,1,1,422,1621,435,0
1,0.29,1,0.09,0,127,0,0,199,4725,891,0
1,0.51,1,0.44,1,3,0,0,7,72,1591,1
1,0.02,3,0.02,0,104,1,1,709,6674,446,0
0,0.51,0,0.12,1,14,1,0,12,97,1279,1
0,0.72,0,0.05,0,13,0,0,0,54,458,1
0,0.75,0,0.12,0,4,0,1,0,94,200,1
0,0.7,1,0.1,1,11,0,1,16,86,1722,1
0,0.66,0,0.05,1,19,1,0,1,63,1260,1
1,0.27,3,0.04,0,120,1,0,884,2103,633,0
1,0.06,4,0.07,0,82,0,0,521,9773,479,0
1,0.01,3,0.08,0,95,0,0,475,6792,117,0
1,0.11,4,0.03,0,64,1,1,147,2264,716,0
1,0.27,1,0.01,0,56,1,1,531,4792,434,0
1,0.23,2,0.06,0,78,1,0,973,8623,229,0
1,0.13,2,0.04,0,88,0,1,582,863,961,0
1,0.78,0,0.33,1,14,0,1,0,36,1499,1
1,0.26,3,0.02,0,93,1,1,806,6873,930,0
1,0.01,3,0.05,0,33,0,1,634,8518,975,0
1,0.06,4,0.0,0,129,1,1,579,2295,802,0
1,0.02,4,0.04,0,127,0,1,760,9299,461,0
1,0.83,0,0.19,1,8,0,0,2,25,1437,1
0,0.55,0,0.04,0,13,0,1,8,17,1079,1
0,0.87,0,0.47,1,17,0,1,18,96,106,1
1,0.12,3,0.09,0,93,1,1,555,8468,640,0
0,0.54,1,0.18,1,6,0,1,20,98,726,1
1,0.11,3,0.08,0,141,1,1,89,8520,206,0
0,0.99,0,0.25,1,3,0,0,4,61,967,1
0,0.52,0,0.36,1,4,0,1,12,45,1552,1
0,0.93,1,0.29,1,10,0,1,6,98,1222,1
1,0.59,1,0.48,1,0,0,0,20,54,156,1
0,0.87,0,0.02,0,12,0,1,15,37,1385,1
1,0.21,3,0.05,0,77,1,0,464,2257,925,0
1,0.04,1,0.01,0,131,0,1,180,6271,593,0
1,0.02,4,0.03,0,39,1,0,880,1362,223,0
1,0.14,1,0.06,0,54,1,0,723,6342,273,0
0,0.56,0,0.14,1,3,1,0,3,45,1512,1
1,0.23,1,0.08,0,115,1,1,247,2304,936,0
1,0.13,1,0.08,0,144,1,1,730,1879,336,0
1,0.2,3,0.01,0,92,1,1,665,1637,672,0
1,0.05,1,0.08,1,134,1,0,95,4917,526,0
1,0.21,1,0.05,0,41,1,1,685,2253,525,0
1,0.25,1,0.0,0,131,1,1,726,7539,933,0
0,0.7,1,0.11,1,12,0,1,10,47,1238,1
0,0.53,1,0.1,1,15,0,0,14,47,893,1
1,0.14,3,0.08,0,77,1,1,114,7888,368,0
1,0.02,2,0.05,0,129,0,1,68,270,988,0
0,0.7,1,0.18,1,7,0,0,6,79,1780,1
0,0.83,1,0.36,0,1,0,0,17,85,1022,1
1,0.19,4,0.07,0,150,1,1,392,4037,637,0
1,0.51,1,0.19,1,19,0,1,20,61,643,1
0,0.54,1,0.45,1,10,0,0,17,94,1671,1
0,0.52,0,0.46,0,11,0,0,8,69,941,1
1,0.16,1,0.1,0,44,0,0,467,1132,963,0
1,0.18,1,0.08,0,121,0,1,551,696,192,0
1,0.03,2,0.08,0,119,0,1,617,1608,717,0
1,0.75,0,0.22,1,0,0,1,7,35,1233,1
0,0.64,1,0.06,1,12,1,1,5,87,1502,1
1,0.98,1,0.04,1,4,0,0,10,89,1214,1
1,0.24,4,0.01,0,49,1,1,879,5328,385,0
1,0.9,1,0.14,1,10,1,0,10,22,344,1
1,0.09,3,0.04,0,115,1,1,141,5218,693,0
1,0.11,2,0.09,0,122,0,1,157,4123,482,0
1,0.0,1,0.05,0,29,0,1,887,9970,942,0
0,0.88,0,0.47,1,3,0,1,20,44,619,1
1,0.68,1,0.43,1,10,0,1,7,11,138,1
0,0.88,1,0.12,1,18,0,0,4,52,1476,1
0,0.68,1,0.2,0,18,0,1,7,55,481,1
1,0.28,1,0.1,0,27,0,1,312,346,563,0
1,0.62,1,0.09,1,4,0,1,7,76,732,1
1,0.85,0,0.08,1,10,0,0,7,18,1913,1
1,0.18,3,0.02,1,79,1,1,50,4467,254,0
0,0.77,0,0.27,1,1,0,0,9,37,235,1
1,0.18,1,0.0,0,120,0,0,875,6470,710,0
1,0.08,4,0.06,0,109,1,0,372,7693,473,0
1,0.16,3,0.03,0,53,1,0,124,7699,239,0
1,0.08,4,0.01,0,49,0,1,993,779,214,0
0,0.62,0,0.44,1,7,0,1,13,29,657,1
1,0.28,4,0.09,0,145,0,0,632,7299,329,0
1,0.2,1,0.08,0,59,0,1,987,5887,222,0
0,0.71,0,0.09,1,17,0,0,12,59,540,1
0,0.83,0,0.32,1,19,0,0,16,68,1389,1
0,0.55,0,0.25,1,4,0,1,13,92,1275,1
0,0.93,1,0.24,0,5,0,1,12,73,1276,1
0,0.69,0,0.33,0,17,0,1,14,34,1247,1
1,0.89,0,0.26,1,3,0,1,16,52,1688,1
1,0.15,4,0.01,0,141,0,0,514,4596,858,0
1,0.03,4,0.04,0,118,0,1,146,9800,490,0
1,0.52,0,0.1,1,11,0,1,13,23,1635,1
1,0.84,0,0.21,0,19,0,1,16,94,589,1
1,0.07,4,0.07,0,76,0,1,261,9500,675,0
1,0.25,3,0.03,0,147,1,1,622,1486,723,0
1,0.21,2,0.03,0,35,1,0,257,6309,546,0
1,0.22,3,0.08,0,47,0,1,900,9542,286,0
0,0.62,1,0.04,1,12,0,0,7,31,1837,1
0,0.64,1,0.06,1,15,0,0,12,57,103,1
0,0.54,0,0.45,0,20,0,0,18,23,1818,1
0,0.55,0,0.48,1,13,0,1,17,65,745,1
1,0.25,2,0.08,1,21,1,1,725,5404,502,0
0,0.9,0,0.1,1,20,0,1,9,31,1298,1
1,0.22,2,0.09,0,67,1,0,120,7246,611,0
1,0.06,3,0.01,0,73,0,0,259,1512,967,0
0,0.86,0,0.23,1,14,0,0,2,20,436,1
1,0.09,4,0.05,1,94,1,1,709,4224,347,0
1,0.59,1,0.14,1,9,0,1,16,67,404,1
0,0.52,1,0.28,0,5,0,0,7,47,1349,1
1,0.17,1,0.01,0,101,0,1,266,2328,789,0
1,0.11,2,0.07,0,89,0,1,82,6004,779,0
0,0.62,1,0.43,1,17,0,0,16,21,1758,1
1,0.28,2,0.06,1,64,0,1,182,9900,686,0
0,0.53,0,0.15,1,7,0,0,3,60,1017,1
1,0.21,2,0.03,0,36,0,1,407,7482,968,0
1,0.01,3,0.05,0,86,0,0,225,6856,720,0
0,0.54,1,0.3,0,8,1,1,11,93,907,1
0,0.69,0,0.39,0,6,0,1,9,79,1642,1
1,0.89,1,0.18,1,7,0,1,6,89,1403,1
1,0.09,1,0.04,0,48,0,1,438,1921,177,0
1,0.18,1,0.06,0,123,1,1,320,7386,550,0
0,0.74,0,0.22,0,14,0,1,19,40,818,1
1,0.24,2,0.1,0,49,0,1,797,1513,267,0
1,0.2,4,0.02,1,99,0,0,581,1054,949,0
1,0.3,4,0.04,0,101,1,0,201,6605,252,0
0,0.54,0,0.39,1,14,0,0,19,12,1559,1
0,0.56,1,0.46,1,7,1,0,11,81,1496,1
1,0.06,1,0.08,0,125,1,0,273,7029,959,0
0,0.81,1,0.18,1,19,0,1,4,97,647,1
1,0.16,3,0.1,0,148,1,1,495,4784,500,0
0,0.55,1,0.35,0,13,0,1,10,54,1480,1
1,0.05,2,0.05,0,46,1,1,543,6346,964,0
0,0.53,0,0.14,1,5,0,0,14,54,530,1
1,0.2,4,0.02,1,86,1,1,831,434,182,0
1,0.24,3,0.09,0,71,1,1,669,3614,649,0
1,0.27,2,0.05,0,74,0,0,914,1905,533,0
1,0.99,0,0.17,1,5,1,0,0,49,1586,1
1,0.08,3,0.04,1,41,1,1,570,2149,909,0
1,0.8,1,0.04,1,19,0,0,16,78,1746,1
1,0.03,4,0.09,1,42,1,1,227,2125,971,0
0,0.56,1,0.3,0,1,0,1,9,97,1314,1
0,0.7,0,0.13,0,9,0,1,0,87,1527,1
1,0.02,3,0.01,0,54,0,1,992,6013,784,0
1,0.05,2,0.1,0,125,0,1,490,7631,750,0
0,0.76,1,0.35,1,19,0,1,1,50,1550,1
0,0.67,1,0.22,1,1,1,0,6,41,1191,1
0,0.67,0,0.17,1,8,0,1,9,91,703,1
1,0.04,3,0.07,0,53,1,1,491,8239,476,0
1,0.09,3,0.08,0,116,1,1,603,3759,219,0
1,0.3,3,0.09,0,139,1,1,727,7395,740,0
1,0.07,4,0.06,0,105,0,1,667,2976,675,0
1,0.56,1,0.05,1,16,0,1,9,82,1615,1
1,0.6,1,0.05,1,10,0,0,10,35,1588,1
1,0.19,3,0.04,0,31,1,1,540,7729,753,0
1,0.06,4,0.1,0,83,1,0,393,6241,912,0
0,0.97,0,0.16,1,11,0,1,9,39,730,1
1,0.09,3,0.09,0,72,1,1,365,6592,962,0
0,0.77,1,0.49,1,9,0,0,8,95,999,1
1,0.25,2,0.0,0,38,1,1,88,6816,971,0
1,0.03,4,0.08,0,106,0,1,653,4626,649,0
0,0.59,1,0.15,1,9,0,1,3,20,1396,1
0,0.75,1,0.01,1,2,0,0,6,92,1166,1
1,0.62,1,0.11,0,18,0,1,2,12,624,1
0,0.7,1,0.38,1,2,1,1,10,18,1113,1
1,0.27,3,0.06,0,91,1,1,844,6967,609,0
1,0.23,2,0.04,0,94,1,1,165,7404,149,0
0,0.96,1,0.41,1,4,0,1,20,62,1928,1
0,0.61,0,0.46,1,11,0,0,9,85,1154,1
1,0.09,1,0.09,0,39,1,0,318,6018,510,0
0,0.63,1,0.42,1,19,0,1,12,41,1826,1
1,0.68,0,0.3,1,6,0,1,18,57,1964,1
0,0.97,0,0.19,1,7,0,1,11,73,1560,1
1,0.67,1,0.11,1,7,0,0,3,88,412,1
1,0.17,3,0.07,0,21,1,1,427,8559,540,0
0,0.51,1,0.41,1,6,0,0,16,41,846,1
1,0.29,1,0.04,0,129,0,0,968,7938,977,0
0,0.76,1,0.4,0,19,0,0,2,38,1473,1
1,0.07,4,0.07,0,59,1,1,794,4437,977,0
0,0.84,1,0.46,1,18,0,0,19,22,1353,1
0,0.93,0,0.31,1,12,0,0,15,55,608,1
0,0.8,1,0.16,1,3,0,0,20,42,1101,1
1,0.29,3,0.09,0,73,1,0,630,6664,719,0
1,0.26,4,0.06,0,26,0,1,999,2319,281,0
1,0.02,3,0.08,0,31,1,1,527,5070,948,0
1,0.22,4,0.05,0,106,1,1,965,311,509,0
1,0.21,3,0.04,0,36,0,0,527,6508,634,0
0,0.73,1,0.36,1,6,0,0,16,51,1577,1
1,0.59,0,0.45,0,16,0,0,3,12,1397,1
0,0.52,1,0.19,0,8,0,0,5,58,141,1
1,0.19,2,0.07,0,138,0,1,493,3857,351,0
1,0.6,1,0.29,1,0,0,1,4,19,585,1
1,0.18,4,0.08,0,75,0,1,231,6397,164,0
1,0.21,3,0.02,0,65,0,1,354,5366,263,0
1,0.16,1,0.04,0,94,1,1,65,7683,838,0
0,0.74,1,0.38,1,0,0,0,16,13,567,1
0,0.61,0,0.06,1,17,0,1,19,80,1047,1
1,0.27,3,0.0,0,121,1,0,382,7586,376,0
1,0.54,0,0.19,1,19,0,1,10,34,1918,1
1,0.69,0,0.25,1,4,0,0,8,91,1425,1
1,0.18,4,0.07,0,72,0,0,604,1780,745,0
0,0.63,1,0.32,1,8,0,0,12,70,1599,1
0,0.86,0,0.25,1,14,0,1,10,46,327,1
1,0.26,3,0.01,1,71,0,1,894,8193,989,0
1,0.22,4,0.05,0,142,1,1,985,2488,287,0
0,0.58,1,0.04,1,13,0,0,17,15,855,1
1,0.76,0,0.2,1,13,0,1,16,67,1476,1
1,0.29,3,0.09,0,64,1,1,888,5420,551,0
1,0.26,4,0.03,0,35,0,0,374,927,319,0
1,0.72,0,0.34,1,17,0,0,18,52,224,1
1,0.23,3,0.05,0,146,0,1,723,3487,710,0
1,0.02,4,0.09,1,73,0,0,100,2219,965,0
1,0.04,3,0.02,0,79,0,1,576,2084,881,0
1,0.26,4,0.03,0,36,1,1,652,9516,771,0
0,0.86,0,0.13,1,16,0,0,0,27,272,1
1,0.23,1,0.04,0,103,0,1,108,2313,712,0
0,0.92,1,0.34,1,8,0,1,9,15,1843,1
1,0.92,0,0.35,1,19,0,0,17,43,576,1
1,0.13,1,0.0,0,134,1,1,153,4679,967,0
1,0.23,2,0.03,0,83,1,0,879,3712,362,0
1,0.25,1,0.01,0,32,0,0,607,1786,721,0
1,0.9,1,0.45,0,18,0,1,14,50,953,1
1,0.06,4,0.05,0,24,1,0,380,4963,137,0
0,0.9,1,0.46,1,8,0,1,2,79,713,1
1,0.14,2,0.09,0,55,1,1,114,9473,190,0
1,0.97,0,0.45,1,16,0,0,7,24,1512,1
0,0.64,0,0.37,1,19,0,1,10,38,1721,1
0,0.62,1,0.13,0,13,0,0,6,38,1352,1
1,0.05,2,0.09,0,130,1,1,348,6388,877,0
0,0.54,1,0.33,1,16,0,0,18,62,939,1
1,0.26,1,0.09,0,149,1,1,969,5870,673,0
0,0.57,1,0.1,1,0,0,0,1,48,1372,1
1,0.24,4,0.1,0,93,1,0,347,6067,429,0
0,0.74,0,0.35,1,20,0,1,1,34,1009,1
1,0.11,4,0.08,0,100,1,1,85,8579,879,0
1,0.1,3,0.05,0,145,1,1,868,4844,856,0
1,0.08,1,0.01,1,42,0,1,214,2013,617,0
1,0.13,2,0.07,0,139,0,1,263,5943,104,0
1,0.06,4,0.09,1,107,1,0,906,5538,282,0
1,0.17,1,0.02,0,51,0,1,486,4336,169,0
1,0.7,1,0.38,1,7,0,1,14,44,1436,1
1,0.3,3,0.07,0,120,0,0,437,5998,175,0
1,0.15,4,0.04,0,92,0,0,756,6082,397,0
1,0.05,1,0.06,0,39,0,1,431,1255,407,0
0,0.85,1,0.03,1,0,0,1,1,76,788,1
0,0.56,1,0.45,0,11,0,1,20,76,640,1
1,0.67,1,0.16,1,10,0,0,2,61,658,1
1,0.25,3,0.06,0,39,0,0,767,256,393,0
1,0.08,2,0.06,0,118,1,0,758,1075,222,0
1,0.83,0,0.22,1,2,0,0,17,17,1455,1
1,0.52,1,0.4,1,20,0,1,16,51,1417,1
0,0.57,0,0.18,1,7,0,1,5,45,615,1
1,0.06,4,0.03,0,96,0,1,77,5915,591,0
1,0.18,2,0.03,1,104,0,1,840,1042,854,0
1,0.67,1,0.21,1,0,0,0,3,47,793,1
1,0.26,4,0.06,0,93,1,0,368,6216,469,0
0,0.98,0,0.46,1,2,0,0,8,98,1547,1
0,0.77,1,0.29,0,2,0,0,12,61,1089,1
0,0.61,1,0.05,1,1,0,0,8,63,1247,1
0,0.85,0,0.39,1,5,0,1,9,43,562,1
1,0.92,0,0.08,1,10,0,0,2,60,1164,1
1,0.94,0,0.15,0,16,0,1,1,56,624,1
1,0.72,0,0.28,0,20,0,1,5,64,1849,1
1,0.89,1,0.31,1,8,0,0,18,97,757,1
1,0.11,4,0.09,0,143,1,1,141,6344,510,0
0,0.73,1,0.34,1,10,0,1,9,36,1705,1
1,0.06,4,0.01,1,141,0,1,682,2565,480,0
1,0.75,1,0.2,1,19,0,0,12,71,1503,1
1,0.91,0,0.15,1,13,0,0,16,30,622,1
0,0.83,0,0.4,1,0,0,0,4,94,1527,1
1,0.23,4,0.02,0,57,0,1,574,3858,964,0
1,0.29,1,0.06,1,145,0,1,160,6159,726,0
0,0.91,0,0.15,1,19,0,0,16,41,1809,1
1,0.03,4,0.01,0,134,0,1,994,8142,133,0
0,0.56,1,0.04,1,17,0,1,0,45,1503,1
1,0.85,1,0.47,1,19,0,0,9,38,509,1
1,0.15,3,0.03,0,71,0,1,759,3928,376,0
1,0.04,1,0.09,0,42,0,1,702,3946,513,0
1,0.12,3,0.1,0,45,0,1,592,4053,220,0
1,0.25,4,0.06,1,51,1,0,878,3688,572,0
0,0.89,1,0.23,1,20,0,0,20,74,1504,1
1,0.68,1,0.08,1,3,0,1,5,31,1009,1
1,0.64,1,0.34,1,3,0,1,14,24,1429,1
0,0.96,0,0.5,1,10,1,0,3,96,1191,1
0,0.89,1,0.09,0,8,0,0,0,43,1736,1
0,0.9,0,0.24,1,6,0,0,6,54,1119,1
1,0.19,3,0.03,0,131,0,1,581,2031,778,0
1,0.29,3,0.05,0,91,0,1,766,9135,545,0
1,0.22,3,0.0,1,142,1,1,365,9465,702,0
0,0.63,0,0.18,1,0,0,1,5,75,862,1
1,0.3,4,0.08,0,30,1,1,918,2798,173,0
1,0.01,3,0.06,0,56,1,0,853,4829,238,0
1,0.18,1,0.07,0,56,0,0,462,9965,715,0
1,0.08,4,0.0,0,24,0,1,975,787,179,0
0,0.51,0,0.5,1,1,1,0,0,15,226,1
1,0.03,4,0.07,0,92,0,1,947,5319,481,0
0,0.52,0,0.07,1,5,1,0,7,18,630,1
1,0.14,3,0.04,0,85,0,1,197,3369,265,0
1,0.27,1,0.06,0,62,0,1,831,3935,116,0
1,0.85,0,0.19,1,20,0,0,1,28,1182,1
1,0.03,1,0.01,0,28,0,1,241,4935,393,0
1,0.76,0,0.19,0,13,0,0,14,59,628,1
0,0.54,1,0.07,0,8,1,0,18,87,1756,1
1,0.16,4,0.09,1,61,1,1,783,8556,915,0
1,0.24,4,0.03,0,98,1,1,708,8696,522,0
0,0.69,1,0.18,0,7,0,0,0,64,571,1
1,0.29,3,0.05,0,129,0,0,325,3762,564,0
0,0.75,0,0.44,1,8,0,1,15,51,648,1
0,0.52,0,0.22,1,14,0,0,6,14,175,1
1,0.13,2,0.05,0,72,0,0,829,9841,165,0
1,0.08,4,0.08,0,26,0,1,324,3707,124,0
1,0.18,3,0.06,0,124,1,1,480,4696,175,0
1,0.85,1,0.41,0,0,0,0,20,27,1592,1
1,0.65,1,0.21,1,1,0,1,1,20,1466,1
0,0.74,1,0.22,0,13,0,1,17,65,1983,1
1,0.15,2,0.1,0,110,0,1,555,736,386,0
1,0.1,2,0.06,0,116,1,1,936,8927,834,0
0,0.78,0,0.12,1,6,0,0,18,88,1348,1
1,0.26,2,0.02,0,104,1,0,375,5354,676,0
0,0.52,0,0.4,1,13,0,1,3,94,1222,1
1,0.27,3,0.07,0,25,1,1,239,8006,102,0
0,0.7,0,0.02,1,17,0,0,1,66,1538,1
1,0.13,2,0.01,1,102,0,0,617,6465,383,0
1,0.28,2,0.09,0,42,0,1,119,4246,186,0
0,0.92,1,0.17,1,0,0,1,10,17,809,1
0,0.87,0,0.4,1,19,0,0,13,81,574,1
1,0.26,3,0.1,0,71,0,1,626,1839,348,0
1,0.15,4,0.07,0,140,1,0,816,915,534,0
1,0.17,4,0.08,0,37,0,0,999,910,368,0
1,0.26,2,0.04,0,50,0,0,57,7251,596,0
0,0.91,1,0.11,1,11,0,0,19,32,1486,1
1,0.19,2,0.05,0,142,1,1,103,9600,423,0
0,0.92,1,0.27,1,7,0,0,7,44,688,1
1,0.29,3,0.01,0,65,1,1,559,2478,384,0
1,0.11,2,0.09,0,91,0,0,870,4778,321,0
1,0.74,0,0.05,1,0,0,1,9,14,698,1
1,0.69,0,0.32,1,4,0,0,17,37,1779,1
1,0.63,0,0.31,1,15,0,1,18,29,1150,1
1,0.06,3,0.04,0,25,0,1,118,1465,900,0
0,0.94,0,0.11,1,16,1,1,20,32,1029,1
1,0.26,1,0.04,0,92,1,1,458,3181,668,0
1,0.07,4,0.1,1,116,0,1,982,1501,475,0
0,0.98,1,0.39,1,10,1,1,4,85,1329,1
1,0.13,3,0.1,0,27,0,1,662,1008,576,0
1,0.17,3,0.05,0,34,1,0,641,5864,916,0
0,0.61,0,0.35,1,17,0,0,13,66,1937,1
0,0.61,0,0.38,1,2,0,1,15,80,630,1
0,0.97,1,0.27,1,12,0,1,12,63,1851,1
0,0.77,1,0.37,0,20,0,0,3,24,553,1
1,0.59,0,0.29,1,4,0,0,14,25,1148,1
0,0.69,1,0.35,0,15,0,0,5,85,275,1
0,0.68,0,0.35,1,8,0,1,4,92,1334,1
0,0.67,1,0.15,1,5,0,0,19,77,1124,1
0,0.97,0,0.32,0,11,0,1,16,85,968,1
0,0.7,0,0.08,0,15,0,1,6,38,183,1
1,0.76,1,0.19,1,20,0,1,2,92,1899,1
0,0.65,1,0.3,1,2,0,0,9,91,834,1
0,0.89,1,0.33,1,18,0,0,8,29,682,1
1,0.18,1,0.05,1,118,1,0,727,9553,865,0
1,0.2,3,0.06,0,47,1,0,689,5259,488,0
0,0.69,0,0.17,0,9,0,0,6,86,532,1
1,0.21,4,0.06,0,55,0,1,69,1170,369,0
0,0.85,1,0.26,0,20,0,0,18,67,192,1
0,0.8,1,0.26,1,15,0,0,8,27,747,1
0,0.86,1,0.39,0,18,0,1,2,36,179,1
0,0.87,1,0.26,1,11,0,0,11,37,759,1
1,0.24,2,0.1,0,69,0,0,357,4671,941,0
1,0.81,1,0.18,0,0,0,0,15,59,366,1
1,0.27,1,0.0,0,111,0,0,635,6316,711,0
1,0.03,2,0.07,0,85,1,1,909,6863,885,0
0,0.82,0,0.35,1,12,0,0,20,97,1236,1
1,0.18,2,0.07,0,49,0,1,487,3249,431,0
0,0.68,0,0.32,1,1,0,0,9,46,1860,1
0,0.98,1,0.48,1,18,0,1,2,29,939,1
1,0.92,1,0.47,1,19,0,1,13,39,1126,1
0,0.89,0,0.32,1,1,0,1,1,69,1767,1
0,0.85,1,0.32,1,17,0,1,5,89,469,1
0,0.9,1,0.43,1,17,0,0,17,51,300,1
0,0.57,1,0.37,0,7,0,0,7,37,984,1
1,0.85,0,0.32,1,20,0,1,5,64,1272,1
1,0.05,2,0.03,0,107,0,1,945,5076,719,0
1,0.84,0,0.19,1,16,0,0,16,21,240,1
0,0.77,1,0.17,1,10,0,0,19,83,1464,1
0,0.54,0,0.15,1,2,0,0,9,32,1716,1
1,0.11,1,0.06,0,39,1,0,693,4860,289,0
1,0.16,1,0.03,0,98,1,1,398,1421,791,0
1,0.54,0,0.23,1,20,0,1,16,71,397,1
1,0.07,2,0.0,0,30,0,1,634,7842,971,0
1,0.5,1,0.1,1,1,0,1,1,47,645,1
0,0.98,1,0.12,0,16,0,0,10,39,1748,1
1,0.06,2,0.03,1,137,1,1,675,5913,673,0
0,0.86,0,0.32,1,8,0,0,8,13,511,1
1,0.19,4,0.06,0,109,1,1,976,6713,103,0
1,0.22,3,0.1,0,37,1,1,483,3451,845,0
0,0.76,1,0.25,0,8,0,1,16,60,731,1
0,0.8,1,0.36,1,17,0,1,5,19,147,1
0,0.51,1,0.2,1,14,0,0,5,89,312,1
1,0.07,3,0.09,0,101,0,1,180,8540,498,0
1,0.2,4,0.03,0,125,1,1,294,2340,952,0
1,0.25,2,0.01,0,107,0,1,831,7603,163,0
1,0.13,2,0.08,0,141,0,1,602,3912,520,0
1,0.3,1,0.01,0,105,0,0,578,7605,179,0
1,0.87,1,0.4,1,8,0,0,4,14,424,1
1,0.91,0,0.27,0,17,0,1,17,33,620,1
0,0.77,0,0.25,0,18,0,1,7,28,812,1
0,0.98,0,0.2,1,4,0,0,6,75,1518,1
1,0.91,0,0.07,1,17,0,1,0,82,1492,1
1,0.09,1,0.04,1,73,1,0,559,5891,769,0
0,0.81,0,0.46,1,17,0,0,10,99,637,1
1,0.15,3,0.1,0,35,1,1,257,9551,165,0
0,0.74,1,0.16,1,1,1,0,16,47,277,1
0,0.78,1,0.43,1,7,0,1,19,61,877,1
1,1.0,0,0.16,0,2,0,0,9,56,315,1
0,0.68,1,0.21,1,0,1,0,15,30,1828,1
0,0.85,0,0.21,1,12,1,1,5,50,1547,1
1,0.3,2,0.08,0,148,0,1,495,4395,914,0
1,0.23,2,0.06,0,141,1,0,124,2581,516,0
0,0.58,0,0.18,1,7,0,0,15,10,1100,1
1,0.62,0,0.34,1,5,0,0,18,79,1121,1
0,0.7,0,0.47,1,15,0,0,15,40,1443,1
0,0.89,1,0.44,0,5,0,1,1,69,1778,1
1,0.22,3,0.07,0,121,1,0,84,2439,761,0
0,0.93,1,0.29,1,0,0,0,14,25,1530,1
1,0.28,4,0.0,0,125,0,0,171,1180,721,0
1,0.16,2,0.03,0,135,0,0,938,1557,741,0
1,0.29,4,0.01,0,66,0,1,202,9480,597,0
0,0.8,1,0.48,1,1,0,0,6,92,372,1
1,0.19,3,0.09,0,144,0,0,925,8232,791,0
1,0.63,0,0.13,1,20,1,0,0,24,1659,1
1,0.13,4,0.07,0,41,1,1,188,7750,444,0
1,0.09,4,0.03,0,111,0,0,760,5922,788,0
0,0.64,1,0.17,1,16,0,0,6,27,1935,1
0,0.53,0,0.22,1,18,0,0,8,59,1523,1
1,0.16,3,0.01,0,35,0,1,100,6883,142,0
0,0.76,0,0.09,1,10,0,0,17,69,1055,1
1,0.15,2,0.02,0,73,1,0,779,1926,256,0
1,0.21,2,0.09,0,63,0,1,181,733,423,0
0,0.8,0,0.04,1,2,1,0,11,65,1624,1
1,0.11,1,0.04,0,90,0,1,606,2452,254,0
1,0.16,4,0.02,0,43,1,0,958,5647,455,0
1,0.28,3,0.01,0,117,1,1,770,3553,135,0
1,0.16,1,0.09,0,107,0,1,961,768,427,0
1,0.1,2,0.08,0,24,0,0,792,2492,267,0
1,0.67,0,0.08,1,8,0,0,0,72,922,1
0,0.87,1,0.05,0,14,0,0,18,59,1049,1
1,0.08,2,0.1,0,99,0,1,800,2110,542,0
1,0.04,3,0.07,0,46,1,1,129,3193,500,0
0,0.71,0,0.06,1,6,0,0,20,63,1372,1
0,0.97,1,0.08,0,11,0,0,10,94,1127,1
1,0.79,1,0.29,1,10,1,1,10,96,1938,1
0,0.85,0,0.25,1,11,0,1,10,32,1567,1
1,0.2,4,0.09,0,100,0,1,140,3768,961,0
0,0.98,0,0.42,1,11,0,1,18,59,1103,1
1,0.26,2,0.09,0,97,1,0,828,4735,883,0
1,0.27,2,0.03,0,68,0,0,360,5307,179,0
1,0.14,4,0.08,0,45,0,0,668,1428,567,0
1,0.04,1,0.07,0,21,0,1,219,807,918,0
1,0.13,4,0.1,0,36,0,0,544,871,246,0
1,0.24,2,0.07,0,86,0,1,224,8369,376,0
0,0.61,0,0.17,0,3,0,0,10,39,1343,1
0,0.83,1,0.33,1,1,0,1,17,55,1453,1
1,0.13,2,0.06,0,134,0,1,451,6758,331,0
0,0.97,0,0.37,1,4,0,0,3,21,379,1
1,0.09,2,0.02,0,84,0,1,150,680,646,0
0,0.77,1,0.06,1,7,0,0,5,86,1255,1
0,0.79,0,0.04,1,19,0,1,19,44,284,1
1,0.14,4,0.09,1,130,0,1,719,9216,184,0
1,0.53,0,0.15,1,9,0,0,7,16,242,1
0,0.92,0,0.19,0,7,0,1,5,87,1130,1
1,0.18,4,0.0,0,95,1,0,434,8989,585,0
0,0.85,1,0.19,1,3,0,0,13,15,1797,1
1,0.02,1,0.01,0,25,1,1,122,5173,739,0
1,0.22,4,0.03,0,94,1,1,969,5397,305,0
0,0.99,0,0.48,0,4,0,0,14,88,545,1
0,0.66,0,0.08,1,11,0,0,0,43,950,1
1,0.13,2,0.05,0,102,1,1,629,2905,667,0
1,0.06,3,0.09,0,121,1,1,156,255,646,0
1,0.19,2,0.08,0,24,1,1,586,4381,766,0
1,0.23,2,0.1,0,115,1,1,137,7261,175,0
0,0.67,0,0.36,0,16,0,1,5,38,1095,1
0,0.56,1,0.03,1,9,0,0,8,99,1225,1
1,0.99,0,0.48,1,2,0,1,0,53,696,1
0,0.76,0,0.43,1,1,1,0,14,29,1854,1
1,0.16,3,0.03,0,85,1,1,638,8991,291,0
0,0.97,0,0.28,1,12,0,1,15,51,641,1
0,0.59,0,0.05,1,19,0,0,12,58,1813,1
1,0.22,1,0.05,0,114,1,0,798,3413,433,0
1,0.25,2,0.07,0,45,1,1,472,8529,471,0
1,0.03,1,0.01,0,150,1,0,480,1198,183,0
1,0.26,4,0.06,0,144,1,1,309,8864,703,0
0,0.76,0,0.22,0,8,0,0,16,11,2000,1
1,0.92,0,0.44,1,14,1,0,11,50,1150,1
1,0.19,4,0.0,1,45,1,1,955,1232,640,0
1,0.06,2,0.02,0,140,1,0,738,9628,853,0
1,0.22,2,0.05,0,31,0,0,625,5819,330,0
0,0.69,0,0.3,0,4,0,1,1,15,1677,1
1,0.25,3,0.02,0,39,1,0,812,1488,498,0
1,0.03,2,0.06,0,119,0,1,663,8947,743,0
1,0.02,2,0.03,0,110,1,1,766,8115,919,0
1,0.28,1,0.08,0,43,0,1,562,4762,434,0
1,0.02,2,0.04,0,70,0,1,342,6105,981,0
1,0.01,1,0.08,1,53,1,0,226,765,535,0
1,0.18,1,0.08,0,105,0,1,439,8371,332,0
1,0.23,2,0.07,0,72,0,0,952,2443,640,0
1,0.76,1,0.21,1,13,0,1,13,22,468,1
0,0.58,0,0.06,1,20,0,0,7,74,627,1
0,0.6,0,0.25,0,3,0,0,19,81,1542,1
0,0.82,0,0.09,1,11,0,1,6,68,1846,1
1,0.15,4,0.06,0,110,0,1,140,6798,951,0
1,0.06,4,0.07,0,28,0,1,873,3722,636,0
1,0.25,3,0.01,0,103,1,0,56,302,385,0
0,0.51,0,0.08,1,15,0,0,4,55,598,1
1,0.76,0,0.08,1,3,0,0,20,52,808,1
1,0.21,3,0.07,0,75,0,1,351,9361,196,0
1,0.25,2,0.05,0,71,0,1,843,3255,425,0
1,0.6,1,0.05,1,18,0,1,14,18,244,1
0,0.67,0,0.27,1,2,0,0,17,19,1599,1
1,0.94,0,0.28,1,5,0,0,18,60,1007,1
1,0.05,3,0.01,0,74,0,0,58,6339,418,0
0,0.68,1,0.3,1,3,0,0,7,17,1803,1
1,0.26,1,0.02,0,48,0,1,455,2133,335,0
0,0.63,0,0.37,1,6,0,0,4,66,1135,1
0,0.76,1,0.18,1,16,0,0,14,71,1348,1
1,0.21,2,0.08,0,102,1,0,506,3270,139,0
0,0.86,1,0.44,1,17,1,0,4,79,1593,1
1,0.27,4,0.05,1,75,1,1,691,5731,254,0
0,0.71,0,0.05,1,1,0,0,19,61,1381,1
1,0.01,3,0.08,0,63,0,0,316,7199,483,0
0,0.68,0,0.02,1,13,0,1,9,74,876,1
0,0.67,1,0.06,1,19,0,0,8,15,1905,1
1,0.29,3,0.05,0,116,1,0,484,3667,515,0
0,0.58,1,0.04,0,14,0,0,18,57,1055,1
1,0.23,1,0.01,0,92,1,1,322,8676,233,0
0,0.75,0,0.19,1,12,0,0,5,25,1941,1
1,0.16,3,0.07,0,64,1,1,789,7184,879,0
0,0.94,0,0.3,0,7,0,0,3,20,660,1
0,0.78,0,0.37,1,12,0,0,15,59,301,1
1,0.07,2,0.1,1,68,1,0,577,7462,314,0
0,0.55,1,0.26,1,16,0,0,19,55,1545,1
0,0.84,1,0.16,1,8,0,0,1,63,1690,1
0,0.98,0,0.16,1,10,0,0,20,13,1427,1
0,0.83,0,0.14,1,13,0,1,2,76,510,1
1,0.13,2,0.08,0,99,0,1,409,9775,728,0
1,0.19,2,0.05,0,71,1,1,994,9058,407,0
1,0.29,3,0.02,0,45,0,1,633,8494,126,0
0,0.85,0,0.02,1,7,0,1,19,61,1385,1
1,0.27,1,0.1,0,81,1,1,702,5991,559,0
1,0.09,4,0.07,0,89,1,1,887,4293,242,0
1,0.11,1,0.03,0,31,0,1,243,2960,955,0
0,0.59,0,0.24,1,19,0,1,15,29,561,1
0,0.58,1,0.34,1,1,0,1,3,88,1598,1
0,0.51,1,0.03,1,17,0,0,14,33,1897,1
1,0.27,2,0.04,0,132,1,1,962,2114,665,0
1,0.86,1,0.11,1,8,0,1,12,40,466,1
1,0.74,0,0.44,1,3,0,0,0,70,1786,1
0,0.64,1,0.32,1,5,0,0,14,48,1994,1
1,0.72,0,0.3,1,17,0,0,16,20,1020,1
1,0.21,1,0.03,0,81,1,1,900,1435,890,0
1,0.5,1,0.24,0,1,0,0,17,56,999,1
1,0.91,1,0.37,1,15,0,1,4,100,107,1
1,0.15,4,0.06,0,25,1,0,750,2899,122,0
0,0.83,0,0.4,1,7,0,0,8,12,1979,1
1,0.15,1,0.02,1,93,1,1,599,8719,441,0
1,0.14,3,0.0,0,21,1,1,146,7504,196,0
0,0.53,1,0.26,0,17,0,0,7,51,1294,1
1,0.08,2,0.06,0,106,1,1,271,9204,186,0
0,0.6,1,0.25,0,13,0,0,3,61,593,1
1,0.84,1,0.35,0,14,0,1,15,28,1328,1
1,0.29,3,0.09,0,108,1,1,318,1252,525,0
0,0.6,1,0.13,1,3,0,1,1,90,503,1
0,0.68,1,0.09,1,1,0,0,12,45,1053,1
1,0.13,3,0.02,0,47,0,1,659,6271,854,0
1,0.07,1,0.01,0,56,0,0,421,4810,718,0
0,0.95,0,0.32,1,12,1,0,17,59,562,1
1,0.24,1,0.09,0,131,0,1,982,2710,970,0
1,0.1,4,0.05,0,88,1,1,873,7887,812,0
1,0.68,0,0.3,1,1,0,0,3,17,373,1
1,0.03,4,0.05,0,80,0,1,972,8301,296,0
0,0.59,1,0.16,0,15,0,0,11,88,218,1
1,0.29,1,0.08,0,117,0,1,615,1016,467,0
0,0.86,1,0.3,0,16,1,0,0,31,1727,1
0,0.66,1,0.07,1,16,0,0,9,27,430,1
0,0.68,1,0.41,0,4,0,0,9,42,1982,1
1,0.26,1,0.01,0,79,0,1,715,6725,958,0
0,0.94,1,0.12,1,18,0,1,8,22,911,1
0,0.79,1,0.41,0,13,0,0,11,92,1418,1
0,0.73,1,0.29,0,20,0,0,18,73,1407,1
1,0.02,1,0.02,0,58,1,0,524,5359,584,0
1,0.28,1,0.0,0,72,1,0,586,1398,432,0
1,0.15,3,0.08,0,68,1,1,219,5747,370,0
1,0.04,1,0.02,1,80,0,1,485,1410,222,0
1,0.24,3,0.02,0,120,0,1,893,4524,767,0
1,0.19,1,0.01,0,81,0,0,790,9704,934,0
1,0.16,2,0.06,0,105,0,0,812,7990,181,0
0,0.77,0,0.37,1,12,0,1,15,54,333,1
1,0.09,1,0.0,0,107,1,1,383,8409,354,0
1,0.06,4,0.04,0,71,0,1,897,4686,115,0
0,0.93,0,0.32,1,2,0,0,0,10,122,1
0,0.91,1,0.42,1,13,0,0,2,62,1766,1
0,0.68,1,0.46,1,20,0,0,13,91,1931,1
1,0.2,3,0.03,0,38,1,1,51,5533,678,0
1,0.02,2,0.04,0,120,0,1,209,9335,406,0
0,0.68,0,0.04,0,9,0,1,8,26,102,1
0,0.94,0,0.44,1,10,0,0,8,66,1384,1
1,0.17,4,0.08,1,85,0,1,969,2188,723,0
1,0.21,1,0.05,0,37,0,1,450,3638,216,0
0,0.63,0,0.09,0,8,1,0,2,70,878,1
1,0.17,2,0.1,0,51,1,1,259,6277,169,0
1,0.25,3,0.08,0,121,0,1,602,7161,839,0
0,0.56,0,0.22,1,16,0,0,2,40,713,1
0,0.55,1,0.13,1,0,0,1,8,13,1595,1
1,0.24,2,0.06,0,34,1,0,962,9497,352,0
1,0.07,4,0.03,0,117,1,0,495,4062,976,0
1,0.82,1,0.49,1,1,0,0,11,74,810,1
1,0.27,2,0.05,0,145,1,0,320,1205,969,0
0,0.79,0,0.27,0,10,1,0,16,12,1297,1
0,0.52,0,0.34,1,8,0,1,13,79,712,1
1,0.21,3,0.05,0,34,0,1,200,7393,312,0
0,0.81,1,0.25,1,8,0,1,2,53,1293,1
1,0.15,2,0.08,1,101,0,1,114,4080,443,0
1,0.16,1,0.05,0,102,0,0,914,2957,911,0
1,0.01,4,0.06,1,55,0,0,970,2039,992,0
1,0.16,3,0.09,0,79,1,0,72,4088,178,0
1,0.97,1,0.36,1,20,0,0,3,37,1886,1
1,0.12,3,0.04,1,99,1,0,930,792,300,0
1,0.14,4,0.01,0,33,0,1,664,9920,401,0
0,0.58,0,0.48,1,16,0,0,6,87,202,1
1,0.24,4,0.07,0,123,1,1,341,8956,113,0
1,0.63,0,0.3,0,1,0,0,19,59,214,1
0,0.79,1,0.49,1,15,0,1,7,42,1530,1
1,0.09,3,0.09,0,64,1,1,556,8455,934,0
1,0.67,0,0.12,1,2,0,0,5,35,627,1
1,0.01,2,0.04,0,75,0,0,191,1701,789,0
1,0.28,2,0.06,0,31,0,1,373,7806,253,0
0,0.88,1,0.21,0,2,0,1,10,70,1908,1
0,0.97,1,0.46,1,4,0,1,5,12,108,1
1,0.52,1,0.16,1,12,0,1,8,46,1841,1
1,0.94,1,0.21,0,6,0,0,3,60,1586,1
1,0.26,4,0.06,0,90,1,1,806,1714,671,0
1,0.16,4,0.02,1,128,0,0,980,2145,132,0
1,0.6,1,0.32,1,0,0,1,2,77,664,1
0,0.65,0,0.31,1,11,0,0,13,14,1043,1
1,0.64,0,0.16,1,2,0,0,0,79,276,1
0,0.81,1,0.1,0,11,1,1,16,66,1932,1
1,0.01,2,0.05,0,81,0,1,819,4294,315,0
1,0.72,0,0.3,1,15,1,1,20,91,519,1
1,0.09,1,0.06,0,66,0,1,51,6866,531,0
1,0.16,3,0.0,0,109,0,1,690,5312,355,0
1,0.18,1,0.1,0,61,0,1,306,6559,389,0
1,0.13,1,0.06,0,103,0,1,400,4434,249,0
1,0.6,0,0.12,1,14,0,1,2,64,853,1
1,0.28,1,0.06,0,131,0,1,709,9205,441,0
0,0.54,0,0.4,1,3,0,0,9,70,1918,1
1,0.14,3,0.08,0,76,0,1,973,3292,364,0
1,0.27,1,0.1,0,68,0,1,73,2168,509,0
1,0.07,2,0.05,0,65,0,1,453,7112,350,0
1,0.21,2,0.07,0,98,1,1,863,7607,267,0
1,0.19,3,0.07,0,98,1,0,344,5523,829,0
1,0.09,2,0.08,0,49,1,1,546,6277,436,0
1,0.11,4,0.08,0,47,0,0,603,7952,964,0
1,0.2,4,0.04,0,80,0,1,495,2693,325,0
1,0.03,4,0.02,0,27,0,1,336,7477,224,0
0,0.52,1,0.19,1,0,0,1,3,55,464,1
0,0.55,1,0.16,1,14,0,0,10,18,1564,1
1,0.27,1,0.09,0,98,1,1,693,5783,750,0
1,0.21,1,0.02,0,113,0,1,461,376,991,0
1,0.25,2,0.07,0,53,1,1,894,5695,491,0
1,0.17,1,0.06,0,49,0,1,612,5100,725,0
1,0.04,3,0.05,0,51,0,0,902,7738,900,0
1,0.25,2,0.02,0,94,0,1,923,4551,206,0
0,0.9,1,0.27,1,13,0,0,1,12,1457,1
0,0.65,0,0.32,1,3,0,1,13,81,907,1
0,0.65,0,0.18,1,7,0,0,9,22,148,1
1,0.19,3,0.09,1,83,0,1,981,1444,377,0
1,0.18,4,0.06,0,142,0,1,138,2927,534,0
1,0.01,3,0.02,0,40,0,1,910,7512,334,0
0,0.82,1,0.33,1,20,0,0,6,78,1444,1
1,0.21,3,0.09,0,82,1,0,972,4537,113,0
1,0.64,0,0.22,1,19,0,0,2,97,1686,1
1,0.01,2,0.08,0,73,0,1,499,3114,881,0
1,0.19,4,0.01,0,110,1,0,859,9772,933,0
0,0.83,0,0.36,1,12,0,0,19,81,1601,1
0,0.59,1,0.37,1,8,1,1,14,15,1488,1
0,0.93,1,0.14,1,1,0,0,14,87,1318,1
1,0.12,1,0.03,0,107,0,1,483,658,723,0
1,0.15,4,0.06,0,67,1,0,245,8342,128,0
1,0.11,2,0.01,0,101,0,1,577,9455,280,0
1,0.28,3,0.09,0,137,0,1,202,7256,837,0
1,0.01,1,0.05,0,113,1,0,917,9703,156,0
1,0.26,1,0.08,0,121,0,0,88,4097,917,0
0,0.76,0,0.17,1,13,0,0,2,36,620,1
0,0.58,1,0.2,1,14,0,1,13,23,1140,1
1,0.72,0,0.15,1,17,0,1,6,87,848,1
1,0.83,0,0.27,0,11,0,0,10,24,303,1
1,0.7,1,0.47,1,5,0,1,2,97,432,1
1,0.17,3,0.01,0,57,0,1,67,8601,989,0
1,0.1,1,0.09,0,92,1,0,83,1120,492,0
0,0.6,0,0.0,1,18,1,0,12,32,989,1
0,0.86,0,0.42,1,7,0,0,13,17,1632,1
1,0.02,1,0.04,0,109,1,0,301,9761,713,0
1,0.23,1,0.01,0,64,1,1,899,9949,826,0
1,0.01,3,0.1,0,83,1,0,870,2367,159,0
1,0.01,4,0.07,0,100,1,1,832,5294,495,0
1,0.25,1,0.09,0,148,1,1,864,9843,621,0
1,0.19,3,0.07,0,67,1,1,178,3762,935,0
1,0.18,3,0.03,0,137,0,1,445,553,321,0
1,0.13,3,0.07,0,32,0,0,180,9210,234,0
1,0.19,2,0.05,0,26,0,0,171,5227,414,0
1,0.08,2,0.03,1,92,1,1,694,7998,801,0
1,0.29,4,0.02,0,106,1,1,422,9141,364,0
0,0.98,1,0.02,0,5,0,0,14,98,1229,1
1,0.13,4,0.09,0,21,0,1,958,7811,633,0
1,0.01,4,0.02,0,110,0,1,322,1819,468,0
0,0.71,1,0.39,0,9,1,0,18,10,1108,1
0,0.83,0,0.27,1,7,0,0,15,33,1710,1
0,0.58,1,0.03,1,19,0,0,9,23,938,1
1,0.01,1,0.04,0,85,0,1,825,6031,969,0
1,0.09,4,0.08,0,58,1,1,151,5373,664,0
1,0.21,2,0.1,0,140,0,0,145,9772,143,0
1,0.27,2,0.05,0,37,0,1,912,1204,501,0
1,0.3,2,0.01,0,81,0,0,161,9727,444,0
1,0.12,4,0.07,0,108,0,1,129,2902,739,0
1,0.0,3,0.04,0,31,1,1,417,6426,957,0
0,0.56,0,0.26,0,9,0,0,1,90,1647,1
1,0.53,1,0.31,0,0,0,0,12,15,164,1
1,0.53,0,0.29,1,5,0,1,16,39,1082,1
0,0.9,0,0.23,1,5,1,0,8,74,946,1
1,0.09,3,0.02,0,85,0,1,303,6728,367,0
1,0.04,1,0.04,0,43,0,0,982,5183,716,0
1,0.04,3,0.07,0,22,1,0,820,2304,884,0
0,0.63,1,0.13,0,3,0,1,20,22,558,1
1,0.18,3,0.02,0,57,0,1,343,8695,491,0
1,0.12,2,0.1,0,65,1,1,334,1606,622,0
1,0.3,1,0.02,0,81,1,1,154,8874,956,0
1,0.29,4,0.08,0,124,1,1,171,5070,341,0
0,0.51,1,0.36,1,5,1,0,3,46,1746,1
1,0.25,3,0.03,0,34,1,1,98,2269,145,0
0,0.62,1,0.49,1,20,0,0,14,43,1724,1
1,0.13,3,0.05,0,22,0,1,352,955,485,0
1,0.12,1,0.04,0,62,0,0,494,8919,481,0
1,0.7,0,0.09,1,1,0,0,1,80,562,1
1,0.06,1,0.02,0,45,1,1,859,4043,233,0
1,0.24,2,0.05,0,53,0,0,450,7988,698,0
1,0.13,1,0.03,0,65,1,1,834,3168,667,0
1,0.16,4,0.09,0,25,1,0,681,1608,266,0
1,0.08,4,0.09,1,67,1,1,290,7132,246,0
1,0.08,1,0.04,0,52,0,1,682,9921,300,0
0,0.76,1,0.45,0,16,0,1,4,73,1534,1
1,0.7,0,0.25,1,16,0,0,4,21,1948,1
1,0.14,2,0.04,0,143,1,1,906,5372,715,0
0,0.87,0,0.01,1,8,1,1,2,89,1269,1
1,0.19,3,0.01,0,48,1,0,641,5192,964,0
1,0.97,1,0.11,1,10,0,0,8,13,744,1
0,0.8,0,0.44,1,2,0,0,13,37,788,1
1,0.78,1,0.46,1,13,0,0,19,24,1397,1
1,0.18,2,0.03,0,142,1,1,791,7983,639,0
0,0.57,0,0.0,1,5,0,0,3,65,1534,1
0,0.95,0,0.05,1,0,0,0,7,19,1562,1
0,0.87,1,0.09,0,3,0,1,20,60,633,1
1,0.16,3,0.04,0,45,0,1,525,7616,711,0
0,0.9,0,0.11,1,6,0,0,20,89,1710,1
0,0.54,1,0.32,1,9,0,0,10,44,1927,1
0,0.52,0,0.36,0,18,0,0,19,12,628,1
1,0.19,3,0.0,0,64,1,1,567,7673,406,0
1,0.07,1,0.09,0,130,1,1,853,2061,230,0
1,0.08,3,0.05,1,125,0,0,606,9642,360,0
0,0.92,0,0.33,1,4,0,0,17,17,1563,1
0,0.78,0,0.13,1,10,0,0,16,89,1094,1
0,0.56,0,0.04,0,1,0,0,2,16,112,1
0,0.54,1,0.28,1,16,0,0,6,52,162,1
1,0.05,1,0.09,0,53,1,1,386,4229,361,0
0,0.93,0,0.01,1,11,0,0,20,44,235,1
1,0.25,3,0.03,0,80,0,1,275,668,122,0
1,0.08,4,0.04,0,128,0,1,610,2048,591,0
1,0.03,1,0.04,1,105,1,1,758,5195,393,0
0,0.83,0,0.26,1,6,0,1,3,49,1772,1
1,0.1,4,0.01,0,93,1,1,491,5171,240,0
0,0.6,0,0.28,1,17,0,0,16,13,323,1
0,0.64,0,0.33,1,14,0,1,11,67,1950,1
0,0.58,1,0.17,0,20,0,0,3,45,428,1
1,0.28,2,0.09,0,95,0,1,235,8896,303,0
0,0.61,1,0.11,1,6,0,0,19,88,368,1
1,0.25,4,0.0,0,72,0,1,689,7774,109,0
0,0.67,0,0.06,1,7,0,1,16,11,1775,1
1,0.17,3,0.02,0,135,0,1,953,6214,404,0
0,0.53,1,0.29,1,15,0,0,1,71,796,1
0,0.56,1,0.14,1,5,0,0,2,18,435,1
1,0.06,3,0.07,0,71,1,1,858,8077,313,0
0,0.99,0,0.04,1,4,0,0,1,41,527,1
1,0.23,3,0.04,1,56,1,1,322,2130,683,0
1,0.22,3,0.07,0,62,1,1,618,3192,765,0
1,0.24,3,0.02,0,129,1,1,257,1718,120,0
0,0.89,1,0.06,1,10,0,1,17,32,986,1
0,0.51,1,0.21,1,13,0,0,0,23,179,1
1,0.79,1,0.38,1,17,0,0,17,25,1912,1
1,0.13,2,0.01,0,86,1,1,144,712,705,0
0,0.91,0,0.4,1,12,0,1,1,44,672,1
1,0.09,1,0.02,0,23,1,0,272,6339,341,0
1,0.55,0,0.41,1,17,0,0,14,76,752,1
1,0.69,0,0.31,1,11,0,0,10,38,1517,1
0,0.75,1,0.37,1,8,0,0,10,88,1739,1
1,0.26,2,0.03,0,46,1,0,724,8123,189,0
1,0.08,2,0.01,0,71,0,0,947,8861,813,0
0,0.7,1,0.2,0,11,0,0,13,11,1495,1
0,0.54,1,0.42,1,0,0,0,19,26,1388,1
0,0.64,0,0.18,1,2,1,0,7,27,1352,1
0,0.65,0,0.15,1,5,0,0,3,97,1620,1
1,0.18,4,0.04,0,37,1,1,850,3543,973,0
0,0.97,1,0.07,1,5,0,0,11,76,1912,1
1,0.18,3,0.1,0,125,0,0,840,781,703,0
0,0.58,0,0.21,1,18,0,0,9,94,606,1
1,0.1,1,0.1,0,112,1,1,968,2558,262,0
1,0.92,1,0.33,0,13,0,1,20,15,1161,1
0,0.66,0,0.09,1,5,0,0,9,78,1341,1
1,0.69,1,0.22,1,3,0,0,7,84,1704,1
1,0.12,1,0.04,0,112,1,1,659,2429,160,0
0,0.88,1,0.12,1,12,0,0,12,48,290,1
0,0.97,0,0.19,1,0,0,0,20,76,886,1
0,0.92,0,0.03,1,17,0,1,12,27,738,1
1,0.24,3,0.01,0,26,0,1,477,6741,819,0
1,0.14,4,0.04,0,27,0,1,661,5694,343,0
1,0.74,0,0.48,1,8,0,0,17,30,1400,1
0,0.68,0,0.41,1,12,0,0,10,25,182,1
0,0.84,0,0.26,1,11,0,1,6,93,1799,1
0,0.88,1,0.13,1,9,0,1,8,53,1983,1
1,0.11,4,0.05,0,29,0,0,507,1136,806,0
0,0.53,1,0.2,1,5,1,1,13,45,454,1
1,0.77,0,0.11,1,7,0,1,15,35,663,1
1,0.23,2,0.07,0,86,0,1,284,9355,930,0
0,0.61,0,0.26,1,4,0,0,5,12,149,1
1,0.13,4,0.09,0,140,1,0,895,5669,340,0
1,0.5,1,0.01,1,18,0,0,14,90,500,1
0,0.94,1,0.22,1,6,0,0,4,39,1181,1
0,0.79,0,0.05,1,19,0,0,17,64,777,1
1,0.27,4,0.02,0,69,1,0,964,7472,425,0
1,0.01,1,0.04,0,61,1,0,848,7737,185,0
1,0.18,3,0.03,0,103,1,0,589,462,473,0
1,0.11,1,0.02,0,85,1,1,961,5972,114,0
1,0.07,3,0.06,0,63,1,1,795,6863,408,0
1,0.06,3,0.02,0,116,1,1,458,1837,417,0
0,0.76,0,0.41,1,15,0,0,6,47,1803,1
0,0.85,0,0.33,0,3,0,1,20,87,941,1
0,0.85,0,0.36,1,20,0,0,3,28,1047,1
1,0.7,0,0.2,1,5,0,0,14,63,138,1
1,0.19,3,0.05,0,27,1,0,882,9007,848,0
0,0.55,1,0.41,1,17,0,0,4,29,1835,1
1,0.66,0,0.27,1,18,1,1,19,18,1315,1
1,0.09,2,0.05,0,111,0,1,301,743,778,0
0,0.9,1,0.43,0,7,0,0,16,52,759,1
1,0.5,1,0.09,1,7,0,0,0,97,1327,1
1,0.16,3,0.02,0,89,1,1,419,342,487,0
0,0.92,0,0.09,1,14,0,1,13,27,1040,1
1,0.27,1,0.01,0,76,1,0,921,4791,651,0
1,0.21,4,0.06,0,116,0,1,791,7713,293,0
0,1.0,0,0.05,1,16,0,0,11,88,577,1
0,0.65,1,0.47,1,4,0,0,3,40,1870,1
0,0.79,0,0.22,1,15,0,0,16,73,1265,1
1,0.0,2,0.06,0,51,1,1,508,5821,854,0
1,0.04,4,0.0,0,59,1,1,185,9212,630,0
0,0.87,0,0.39,0,12,0,0,2,61,1930,1
1,0.13,4,0.01,0,141,1,0,112,7891,395,0
1,0.01,2,0.09,0,55,0,0,355,9828,625,0
1,0.24,1,0.05,0,39,0,0,617,815,709,0
0,0.93,1,0.47,1,6,0,0,6,87,1487,1
0,0.8,1,0.46,1,9,0,0,1,46,1971,1
1,0.11,2,0.01,0,38,1,1,887,2667,992,0
1,0.79,1,0.26,1,2,0,1,8,39,1035,1
0,0.67,0,0.27,1,14,0,0,1,92,1705,1
0,0.59,1,0.02,1,4,1,1,15,81,1494,1
0,0.77,0,0.35,1,15,0,0,2,20,1035,1
1,0.53,0,0.19,1,7,0,1,1,86,529,1
0,0.89,1,0.33,1,7,0,1,1,66,1479,1
1,0.16,3,0.0,0,52,1,1,230,7051,163,0
1,0.04,4,0.03,0,149,0,0,162,3382,385,0
1,0.03,3,0.04,0,138,1,1,243,2738,889,0
0,0.65,1,0.24,1,20,0,0,0,84,813,1
1,0.9,0,0.45,0,6,0,0,13,71,486,1
1,0.17,3,0.08,0,113,1,1,149,4242,837,0
0,0.86,0,0.44,1,12,1,0,2,90,1221,1
0,0.97,1,0.07,1,5,0,0,10,33,401,1
0,0.82,1,0.19,1,16,0,0,1,36,1911,1
0,0.82,1,0.44,0,11,0,0,19,63,577,1
1,0.72,1,0.01,1,20,0,0,13,44,968,1
1,0.14,3,0.02,0,52,0,1,952,351,196,0
1,0.59,0,0.11,1,18,0,0,3,100,1505,1
1,0.15,3,0.01,1,106,1,1,197,587,882,0
1,0.57,1,0.1,1,11,0,1,11,24,1203,1
1,0.25,2,0.05,0,90,1,1,543,7908,318,0
0,0.63,1,0.07,1,6,0,1,11,17,1974,1
1,0.11,1,0.1,0,21,0,1,141,5292,917,0
0,0.53,1,0.02,1,10,0,0,9,16,673,1
1,0.25,1,0.08,1,52,0,0,578,1461,634,0
0,0.56,0,0.35,1,8,0,0,0,27,104,1
0,0.65,0,0.41,1,16,0,0,8,44,1117,1
1,0.06,2,0.0,0,130,0,1,292,9531,501,0
1,0.25,2,0.07,0,120,0,0,723,3309,258,0
1,0.07,2,0.07,0,79,0,1,905,8747,592,0
1,0.81,0,0.45,1,11,0,1,19,35,391,1
1,0.05,2,0.06,0,107,1,0,691,4270,769,0
0,0.52,1,0.06,1,15,0,1,18,57,1866,1
0,0.78,0,0.4,1,5,0,0,13,81,408,1
0,0.51,0,0.02,0,8,1,0,9,56,374,1
0,0.62,0,0.46,0,4,0,0,15,75,579,1
1,0.56,1,0.39,1,16,0,0,7,34,771,1
0,0.91,0,0.48,1,7,1,0,17,47,1066,1
0,0.77,0,0.46,1,0,0,0,7,100,720,1
1,0.14,2,0.02,0,88,0,1,757,8765,969,0
1,0.2,3,0.04,0,126,0,1,240,878,472,0
1,0.08,4,0.07,0,34,0,1,290,6027,148,0
1,0.03,1,0.07,0,48,1,1,645,4137,464,0
0,0.85,1,0.27,0,13,0,0,15,73,261,1
1,0.09,2,0.08,0,126,0,1,683,5930,329,0
0,0.94,0,0.26,1,2,0,0,17,36,1995,1
1,0.22,1,0.02,0,126,1,1,510,1008,143,0
0,0.56,0,0.04,1,9,0,0,12,84,158,1
0,0.91,1,0.07,1,17,0,0,10,40,1520,1
1,0.01,3,0.03,0,113,1,0,510,5706,862,0
1,0.3,2,0.07,0,52,1,1,451,6404,256,0
0,0.67,0,0.0,1,19,0,0,0,69,497,1
1,0.11,3,0.1,0,89,0,0,56,6039,422,0
1,0.28,4,0.06,0,112,0,0,124,7269,867,0
1,0.84,0,0.06,0,16,0,1,4,61,268,1
0,0.55,1,0.3,1,3,0,1,5,64,132,1
1,0.28,1,0.05,0,67,1,1,708,1930,787,0
0,0.56,1,0.31,1,1,0,1,13,55,971,1
0,0.83,1,0.02,1,12,0,1,12,88,842,1
1,0.27,4,0.02,0,97,0,1,672,5812,900,0
1,0.01,2,0.03,0,137,1,1,618,6244,158,0
1,0.1,1,0.07,1,126,1,0,860,3801,908,0
1,0.11,4,0.01,0,59,1,1,597,2244,906,0
1,0.9,0,0.06,1,11,0,0,2,68,1661,1
1,0.64,1,0.09,1,13,0,0,13,50,1845,1
1,0.96,1,0.11,1,4,0,1,17,39,287,1
0,0.67,1,0.13,0,20,0,0,14,85,357,1
1,0.17,2,0.05,0,127,1,0,143,3658,108,0
1,0.25,3,0.1,0,62,0,1,66,3301,165,0
0,0.85,1,0.32,1,11,0,1,8,74,1375,1
0,0.83,1,0.41,1,18,0,1,3,29,1524,1
0,0.91,0,0.21,1,6,0,1,19,50,587,1
0,0.67,0,0.21,1,20,0,1,20,26,110,1
1,0.19,2,0.09,0,101,0,0,606,9885,439,0
1,0.28,2,0.05,0,23,0,1,313,1214,220,0
0,0.61,1,0.44,1,9,0,0,14,83,1290,1
1,0.03,1,0.09,1,150,1,1,809,1314,579,0
1,0.09,2,0.05,0,107,1,1,735,7555,423,0
1,0.03,1,0.06,0,41,0,1,829,7608,239,0
1,0.07,4,0.08,0,114,1,1,476,1513,266,0
0,0.67,0,0.27,0,12,0,1,16,50,1507,1
0,0.83,1,0.31,1,19,1,0,9,72,1128,1
0,0.89,1,0.42,1,20,0,0,10,97,1974,1
1,0.18,3,0.0,0,59,1,1,558,5682,161,0
0,0.56,0,0.37,1,17,0,0,18,84,114,1
1,0.0,2,0.1,0,139,1,0,993,4413,278,0
0,0.97,0,0.0,1,6,0,1,16,35,1301,1
1,0.14,1,0.01,0,125,0,1,54,9391,244,0
1,0.09,4,0.1,0,105,1,0,529,5079,574,0
1,0.65,0,0.24,1,18,0,0,17,37,408,1
1,0.05,4,0.02,0,101,1,1,575,1831,752,0
1,0.08,1,0.05,0,77,0,1,345,5273,762,0
1,0.21,1,0.08,0,117,1,1,602,6478,650,0
0,0.59,0,0.01,1,15,0,1,6,75,1847,1
1,0.22,3,0.09,0,39,1,1,196,2489,831,0
1,0.79,0,0.09,0,7,0,0,8,61,582,1
1,0.07,3,0.08,1,120,0,0,266,8343,770,0
0,0.89,1,0.34,1,16,0,0,15,75,1301,1
0,0.87,0,0.32,0,20,0,1,13,14,753,1
0,0.77,1,0.14,1,18,0,1,1,64,1757,1
1,0.05,3,0.03,1,122,1,1,359,5600,714,0
0,0.58,1,0.36,1,6,0,0,14,44,1226,1
1,0.08,3,0.08,0,127,0,1,907,7416,681,0
1,0.08,3,0.06,0,116,1,0,994,2226,360,0
1,0.02,2,0.04,0,31,1,1,196,5181,954,0
1,0.04,4,0.07,0,76,0,1,197,3400,917,0
1,0.02,1,0.06,1,83,0,1,269,3866,285,0
1,0.76,1,0.35,1,5,0,0,0,52,1452,1
1,0.13,2,0.04,0,96,0,0,584,5542,218,0
0,0.66,0,0.2,1,2,0,1,8,25,545,1
1,0.12,2,0.08,0,27,1,0,362,8654,721,0
1,0.79,1,0.42,1,11,0,0,16,16,1035,1
1,0.54,1,0.31,1,2,0,1,2,94,210,1
1,0.14,4,0.01,0,40,1,1,246,1317,660,0
0,0.59,0,0.45,1,7,0,0,10,16,931,1
1,0.12,2,0.05,0,78,1,0,767,6867,370,0
1,0.15,1,0.08,0,86,1,1,135,2951,550,0
1,0.12,3,0.03,0,114,0,1,154,5894,320,0
0,0.54,1,0.13,1,18,0,0,20,71,929,1
1,0.86,0,0.43,1,12,0,1,0,62,1308,1
1,0.02,1,0.03,0,26,0,1,108,6069,134,0
1,0.22,3,0.1,0,133,1,1,118,7183,600,0
1,0.81,0,0.41,1,12,0,0,8,93,931,1
1,0.64,1,0.24,1,16,0,0,6,61,895,1
1,0.86,1,0.25,1,7,0,1,4,37,195,1
0,0.68,1,0.35,1,16,0,0,20,73,451,1
0,0.75,1,0.31,1,8,0,1,5,73,715,1
1,0.85,1,0.12,1,13,0,0,19,17,1687,1
1,0.0,1,0.05,0,67,0,1,899,5392,328,0
0,0.97,0,0.47,1,3,0,0,10,59,1658,1
1,1.0,0,0.29,1,7,0,1,11,45,1059,1
1,0.23,3,0.02,0,109,1,0,864,278,967,0
1,0.69,1,0.18,1,15,0,1,16,79,1496,1
0,0.94,0,0.41,1,15,0,0,4,19,884,1
1,0.82,0,0.09,0,12,0,0,8,78,847,1
1,0.06,3,0.02,0,20,0,0,744,5437,608,0
1,0.05,3,0.02,0,56,0,1,848,2890,818,0
0,0.62,1,0.13,0,20,0,0,6,24,165,1
0,0.69,0,0.02,1,19,0,0,10,10,1748,1
0,0.72,1,0.47,1,7,1,1,1,23,588,1
0,0.86,0,0.22,0,13,0,0,17,98,823,1
1,0.95,0,0.33,1,1,0,0,12,22,384,1
1,0.18,4,0.06,0,60,1,0,85,8682,235,0
1,0.09,4,0.05,0,101,0,0,469,8931,403,0
1,0.02,3,0.02,0,48,1,1,871,5204,719,0
1,0.07,2,0.06,0,60,0,1,909,8838,695,0
1,0.61,0,0.24,1,1,0,1,10,93,1503,1
1,0.15,4,0.03,0,81,1,1,811,8159,673,0
1,0.08,1,0.07,0,122,0,1,942,6716,620,0
0,0.84,0,0.16,0,13,0,0,3,71,839,1
0,0.75,1,0.35,0,5,0,0,20,56,1746,1
1,0.29,2,0.02,0,109,0,1,512,1621,394,0
1,0.97,1,0.32,0,15,0,1,16,90,1999,1
1,0.2,4,0.09,0,119,0,1,908,6188,424,0
0,0.56,1,0.18,1,1,0,0,3,85,1614,1
0,0.9,0,0.5,1,5,0,1,20,81,164,1
0,0.73,0,0.15,0,7,0,0,2,84,1270,1
1,0.12,2,0.09,0,81,0,0,280,6435,323,0
0,0.82,0,0.32,1,9,0,0,6,84,105,1
0,0.64,0,0.15,0,10,0,0,3,10,536,1
1,0.13,4,0.02,1,37,0,1,76,7098,990,0
0,0.91,0,0.47,0,11,0,1,5,31,157,1
1,0.25,1,0.03,0,78,1,0,135,7448,356,0
1,0.17,3,0.08,0,146,1,0,599,8070,274,0
1,0.78,1,0.46,1,2,1,0,9,26,539,1
1,0.18,3,0.0,0,150,1,1,306,9689,354,0
0,0.76,1,0.16,1,5,0,1,15,98,508,1
1,0.98,1,0.24,1,7,0,1,1,62,1843,1
0,0.75,0,0.35,1,17,1,0,17,21,222,1
0,0.68,1,0.37,0,11,0,0,10,72,524,1
0,0.82,1,0.04,1,12,0,0,2,46,1822,1
1,0.15,4,0.04,0,37,1,1,338,7107,336,0
0,0.81,1,0.14,1,19,0,1,3,68,1207,1
0,0.96,1,0.41,1,11,0,0,18,32,229,1
1,0.28,1,0.08,1,108,0,1,780,6244,452,0
1,0.27,3,0.01,0,34,0,1,563,2155,754,0
1,0.14,3,0.06,0,65,0,1,448,7187,238,0
1,0.1,1,0.09,0,58,1,1,476,1417,693,0
1,0.18,3,0.01,0,92,1,1,218,4267,897,0
1,0.17,2,0.08,0,107,0,1,405,8282,972,0
1,0.28,1,0.04,0,72,1,1,747,3815,309,0
1,0.12,4,0.02,0,115,0,1,583,8117,867,0
0,0.75,0,0.04,1,12,0,0,6,31,1161,1
1,0.62,0,0.46,1,6,0,1,2,21,1516,1
1,0.29,4,0.09,0,58,0,1,798,3808,306,0
0,0.59,1,0.09,0,5,0,1,20,67,1456,1
1,0.12,3,0.07,0,67,0,1,262,1920,494,0
0,0.99,0,0.05,0,2,0,0,18,86,1260,1
0,0.51,1,0.11,1,6,0,1,7,75,865,1
1,0.13,1,0.0,0,42,0,1,950,4929,213,0
1,0.1,4,0.0,0,135,0,1,398,1362,544,0
1,0.29,3,0.08,0,85,0,1,203,9518,842,0
1,0.7,0,0.26,1,11,0,0,20,19,1600,1
0,0.6,0,0.09,0,8,0,0,1,18,228,1
1,0.17,2,0.1,0,67,0,1,111,5322,143,0
1,0.79,1,0.18,1,8,0,0,17,85,1423,1
1,0.04,2,0.03,0,38,0,0,920,1854,187,0
1,0.09,4,0.06,0,138,0,0,970,5297,599,0
1,0.9,1,0.21,0,12,0,0,18,13,1940,1
0,0.57,0,0.27,1,6,0,1,7,39,282,1
1,0.98,0,0.1,1,0,0,0,3,91,498,1
1,0.23,4,0.06,0,41,1,1,287,5665,688,0
1,0.28,1,0.05,0,103,1,1,746,6924,543,0
0,0.85,0,0.48,1,4,0,0,1,23,397,1
1,0.21,1,0.09,0,80,1,1,765,5942,613,0
1,0.04,3,0.01,0,29,1,1,961,1969,879,0
1,0.02,2,0.05,1,82,1,0,286,4610,998,0
1,0.04,3,0.03,0,27,0,1,234,6952,483,0
1,0.27,2,0.0,0,149,1,1,925,9511,781,0
1,0.03,2,0.07,0,22,1,1,743,1091,968,0
1,0.21,1,0.09,0,146,1,1,984,8476,333,0
0,0.7,1,0.36,0,12,0,0,4,53,1124,1
0,0.7,1,0.41,1,10,0,0,9,53,1434,1
0,1.0,1,0.21,1,6,0,0,10,94,121,1
0,0.65,1,0.1,1,12,0,1,12,57,1210,1
1,0.19,2,0.05,0,27,1,1,641,5641,224,0
1,0.23,3,0.09,0,43,1,1,254,2485,380,0
1,0.22,3,0.06,0,93,1,1,973,7923,167,0
0,0.99,1,0.37,1,11,0,1,16,42,1629,1
1,0.29,1,0.03,0,125,1,1,294,6473,149,0
1,0.08,4,0.08,1,143,0,1,631,501,857,0
0,0.75,0,0.25,1,10,0,0,5,69,550,1
0,0.8,0,0.39,1,0,0,0,11,53,126,1
0,0.51,1,0.42,1,10,0,1,18,26,551,1
0,0.51,0,0.28,0,2,0,0,0,10,892,1
1,0.1,3,0.04,0,126,1,1,396,6438,458,0
1,0.56,1,0.06,1,17,0,0,20,89,1270,1
0,0.92,0,0.14,1,1,0,1,8,78,1407,1
1,0.11,1,0.02,0,142,1,1,416,9482,948,0
1,0.58,0,0.41,1,16,0,0,7,37,1041,1
1,0.18,2,0.07,0,73,0,0,296,1598,844,0
1,0.1,1,0.03,0,139,1,1,704,1266,891,0
1,0.03,2,0.07,0,85,0,1,330,1940,603,0
1,0.19,4,0.0,0,24,0,0,565,7524,386,0
1,0.72,1,0.25,1,1,0,1,18,74,1165,1
1,0.21,4,0.06,1,106,0,1,553,2665,160,0
1,0.14,4,0.03,1,121,1,1,228,7593,506,0
1,0.76,0,0.0,1,19,0,1,12,85,1948,1
1,0.14,2,0.04,0,23,1,1,567,3306,472,0
1,0.53,0,0.05,1,15,0,0,8,26,914,1
0,0.61,0,0.29,1,2,0,1,13,29,964,1
1,0.2,2,0.06,0,41,1,1,617,6982,288,0
1,0.07,2,0.08,1,35,1,1,730,7186,744,0
1,0.01,3,0.03,0,22,0,1,82,4857,103,0
0,0.52,1,0.03,1,7,0,0,15,92,1471,1
1,0.29,4,0.06,0,70,1,0,232,3449,880,0
1,0.22,2,0.05,0,21,0,0,587,6335,823,0
1,0.77,0,0.36,0,0,0,0,7,72,160,1
1,0.86,1,0.26,1,18,0,1,20,95,1901,1
1,0.12,3,0.09,0,93,1,1,567,3552,530,0
0,0.9,1,0.14,0,14,0,0,9,93,1902,1
1,0.99,1,0.13,0,12,0,0,6,10,1416,1
0,0.54,0,0.34,1,4,0,1,16,31,597,1
0,0.64,1,0.08,1,13,0,0,8,17,1961,1
0,0.96,0,0.23,1,6,0,1,9,89,307,1
1,0.11,4,0.06,0,79,1,1,606,1916,237,0
0,0.78,1,0.38,1,1,0,0,18,74,1708,1
0,0.79,0,0.46,0,2,0,0,14,70,627,1
1,0.09,4,0.1,0,67,0,1,374,3092,365,0
0,0.54,1,0.15,1,12,0,0,14,48,1419,1
1,0.18,3,0.07,0,60,0,0,994,2052,264,0
0,0.66,1,0.27,1,16,0,0,0,93,478,1
1,0.07,1,0.06,0,53,1,1,281,3624,315,0
0,0.74,0,0.41,1,8,1,0,14,47,1798,1
0,0.86,1,0.35,1,3,0,0,8,79,1543,1
0,0.93,0,0.19,1,7,0,0,14,11,308,1
1,0.18,4,0.06,0,135,1,1,218,2414,534,0
1,0.25,4,0.06,0,43,0,0,682,4005,953,0
0,0.56,0,0.37,1,3,0,0,14,28,1437,1
1,0.19,3,0.1,0,128,0,1,873,4052,570,0
0,0.77,1,0.05,1,5,1,0,6,18,1446,1
0,0.96,1,0.22,1,12,1,0,8,95,1294,1
1,0.23,1,0.08,0,149,1,1,767,4466,633,0
1,0.25,1,0.1,0,103,0,1,366,7700,820,0
1,0.89,0,0.5,1,3,1,0,18,24,1095,1
0,0.99,0,0.41,1,4,0,1,20,27,1623,1
0,0.64,1,0.24,1,1,0,1,9,24,208,1
1,0.03,4,0.0,0,116,1,0,762,2669,217,0
1,0.03,3,0.09,0,92,0,0,817,8421,687,0
1,0.57,0,0.42,1,11,0,0,16,90,952,1
0,0.66,1,0.16,1,2,0,1,4,96,1218,1
1,0.28,3,0.09,0,65,1,1,404,611,203,0
1,0.11,3,0.01,0,127,1,1,178,8699,736,0
1,0.11,2,0.06,0,121,0,0,273,5586,870,0
1,0.8,0,0.39,1,19,0,1,2,98,1447,1
0,0.86,0,0.11,1,6,0,0,4,45,1593,1
0,0.91,1,0.22,1,16,0,1,2,84,762,1
1,0.22,2,0.02,0,109,1,0,761,3453,753,0
1,0.55,1,0.22,1,16,0,1,13,41,830,1
1,0.95,1,0.0,1,4,0,0,16,84,1409,1
0,0.68,0,0.07,1,14,0,1,1,18,1784,1
0,0.84,0,0.09,1,20,0,0,9,55,1183,1
0,0.96,1,0.33,1,8,0,1,19,96,1636,1
1,0.14,1,0.04,1,75,0,1,515,4717,655,0
1,0.07,2,0.09,0,59,0,1,700,2136,458,0
0,0.71,0,0.5,1,7,0,1,9,91,1354,1
1,0.14,3,0.02,0,128,1,1,157,241,567,0
1,0.03,3,0.1,0,109,0,0,916,917,702,0
1,0.59,0,0.25,1,3,0,0,1,59,620,1
0,0.93,0,0.29,1,6,0,0,4,81,1491,1
1,0.19,4,0.09,0,98,0,1,937,9838,677,0
1,0.15,2,0.04,0,56,1,1,478,1359,317,0
1,0.03,2,0.05,0,45,0,0,742,6699,872,0
1,0.51,1,0.16,1,19,1,1,13,85,498,1
0,0.64,0,0.48,1,5,0,1,6,62,491,1
1,0.85,1,0.3,1,15,0,0,10,86,1314,1
1,0.6,0,0.48,0,20,0,0,1,86,1221,1
1,0.03,2,0.04,1,61,0,0,248,5507,600,0
1,0.77,0,0.14,1,6,0,0,8,32,849,1
1,0.28,4,0.07,0,148,1,1,780,1290,219,0
0,0.72,0,0.43,1,0,0,1,0,65,1481,1
1,0.21,1,0.06,0,121,1,1,288,5327,857,0
1,0.18,3,0.02,0,123,0,1,340,8754,157,0
1,0.01,3,0.09,0,58,0,1,51,5129,526,0
1,0.17,1,0.04,0,39,1,1,896,1539,196,0
1,0.22,1,0.0,1,60,0,1,603,3968,292,0
1,0.01,2,0.07,0,132,1,1,131,9935,704,0
1,0.06,1,0.07,1,59,1,1,684,7277,748,0
1,0.13,2,0.02,1,146,1,0,513,7155,617,0
1,0.17,1,0.01,0,62,0,1,666,830,207,0
0,0.73,1,0.08,1,18,0,0,19,28,1664,1
1,0.15,2,0.07,0,108,0,1,957,3613,841,0
1,0.95,0,0.06,1,20,0,1,4,11,1595,1
0,0.58,0,0.07,1,8,0,1,20,91,1452,1
1,0.26,4,0.04,0,70,1,1,207,8834,814,0
1,0.13,1,0.06,0,36,1,0,912,5726,1000,0
1,0.17,3,0.09,0,110,0,1,750,3511,466,0
0,0.7,0,0.03,1,8,0,0,18,85,1209,1
1,0.18,2,0.07,0,39,1,0,313,4032,583,0
1,0.27,1,0.06,0,97,0,1,939,2431,130,0
1,0.57,1,0.44,0,19,0,0,0,91,359,1
1,0.15,1,0.09,0,126,1,1,99,9089,619,0
1,0.01,3,0.02,1,109,0,1,359,5367,600,0
1,0.14,3,0.06,0,124,1,1,880,9300,990,0
1,0.1,2,0.03,0,82,1,0,674,9843,315,0
1,0.97,0,0.16,1,5,0,0,19,29,1758,1
1,0.09,3,0.07,0,125,1,1,146,2442,805,0
1,0.0,1,0.09,0,93,1,0,328,3948,301,0
1,0.27,1,0.08,0,93,0,1,905,9362,316,0
1,0.27,1,0.06,0,75,0,1,689,7996,134,0
1,0.15,2,0.06,0,127,0,1,821,382,648,0
1,0.11,4,0.01,0,82,1,1,765,6683,560,0
1,0.26,3,0.02,0,63,1,0,529,9973,946,0
1,0.18,4,0.06,0,75,0,0,933,2052,905,0
1,0.13,1,0.06,0,107,0,0,351,9698,648,0
1,0.15,3,0.04,0,115,0,0,257,9690,110,0
1,0.22,2,0.04,0,76,1,1,841,1669,687,0
0,0.72,1,0.22,1,13,0,1,17,83,1991,1
0,0.56,0,0.46,1,7,0,0,4,25,421,1
1,0.23,4,0.06,0,143,1,1,958,4405,597,0
1,0.19,1,0.08,0,88,1,1,781,9145,382,0
1,0.18,3,0.08,0,86,1,0,142,3064,940,0
1,0.24,4,0.09,0,49,1,1,122,6783,627,0
1,0.11,1,0.09,1,24,1,1,285,5917,514,0
1,0.07,2,0.01,0,120,0,0,273,7363,540,0
1,0.24,2,0.01,0,69,1,1,823,1902,759,0
0,0.79,0,0.38,1,17,0,0,11,61,530,1
1,0.22,2,0.02,0,140,1,1,345,8156,428,0
0,0.92,0,0.22,1,6,0,1,2,38,1334,1
1,0.17,3,0.02,0,67,0,0,51,3629,914,0
0,0.93,1,0.05,1,13,0,0,20,29,145,1
1,0.02,1,0.08,0,96,1,0,793,472,171,0
1,0.18,2,0.07,0,139,1,1,177,6531,653,0
0,0.75,0,0.24,1,20,1,0,7,88,436,1
0,0.87,1,0.02,1,7,0,0,13,100,1765,1
1,0.01,4,0.01,0,44,0,1,591,278,139,0
0,0.73,1,0.08,1,20,0,1,11,11,420,1
1,0.66,1,0.01,1,17,0,1,10,46,165,1
1,0.21,4,0.1,0,92,1,0,284,8042,370,0
1,0.18,2,0.07,0,74,0,1,666,6730,531,0
1,0.01,2,0.06,0,20,1,1,329,8153,941,0
0,0.69,1,0.29,1,20,0,0,10,20,1318,1
0,0.56,0,0.09,1,3,0,0,19,89,116,1
1,0.22,4,0.01,0,141,0,1,614,5378,934,0
1,0.17,1,0.06,0,119,1,1,190,9923,330,0
1,0.23,1,0.0,0,27,1,0,223,1396,596,0
1,0.13,3,0.09,0,137,0,1,566,372,144,0
1,0.85,0,0.17,0,19,0,1,12,63,989,1
1,0.18,3,0.04,0,118,1,0,886,9040,586,0
1,0.3,2,0.09,0,139,0,1,951,7455,784,0
0,0.71,0,0.35,1,4,0,1,3,79,129,1
0,0.61,0,0.32,0,16,0,0,16,11,1935,1
0,0.76,0,0.04,1,1,0,0,11,99,1066,1
1,0.23,3,0.04,0,26,1,1,813,3783,447,0
1,0.15,4,0.06,0,102,1,1,569,5897,982,0
1,0.14,2,0.1,0,21,1,0,396,2184,338,0
1,0.08,4,0.08,0,54,0,1,524,1977,536,0
1,0.14,3,0.01,0,124,0,0,158,2878,468,0
1,0.02,2,0.05,0,32,0,1,58,6401,543,0
1,0.15,2,0.02,0,99,0,1,410,9176,590,0
1,0.12,1,0.1,0,148,1,1,335,7098,453,0
1,0.87,0,0.14,1,12,0,1,5,58,1036,1
1,0.3,4,0.06,0,99,1,1,349,4508,760,0
0,0.75,0,0.22,1,6,0,0,10,38,624,1
1,0.15,4,0.03,0,76,0,1,567,7627,667,0
0,0.76,1,0.2,1,13,0,0,3,86,818,1
0,0.58,0,0.43,1,3,0,1,1,48,666,1
0,0.89,0,0.15,1,14,0,0,4,84,162,1
1,0.06,4,0.06,0,117,0,0,996,1669,859,0
1,0.01,2,0.09,0,125,0,1,729,3868,576,0
0,0.51,1,0.31,1,7,0,0,0,52,1166,1
0,0.59,0,0.36,1,11,0,0,5,61,1105,1
0,0.52,1,0.24,1,9,0,0,3,30,267,1
1,0.15,3,0.0,0,131,1,1,333,5280,500,0
1,0.15,3,0.02,0,96,0,0,623,5130,708,0
0,0.88,0,0.23,1,1,0,0,4,26,701,1
0,0.74,1,0.48,1,5,1,1,18,45,1343,1
1,0.07,1,0.01,0,31,0,1,457,779,881,0
1,0.22,3,0.07,0,101,1,0,885,6861,349,0
1,0.24,4,0.09,0,138,1,1,443,1561,485,0
0,0.69,0,0.16,1,7,0,1,19,35,1936,1
1,0.3,1,0.05,0,141,0,1,787,4284,133,0
1,0.07,2,0.1,0,28,0,1,667,2561,819,0
1,0.22,3,0.09,0,144,1,1,617,3512,733,0
0,0.53,1,0.4,1,4,0,1,10,98,658,1
1,0.13,3,0.09,0,104,1,0,342,5025,521,0
0,0.88,1,0.38,1,8,0,0,1,75,1182,1
1,0.6,1,0.41,1,9,0,0,5,96,901,1
0,0.61,1,0.11,1,7,0,0,20,87,635,1
1,0.28,2,0.01,0,140,0,1,848,1133,869,0
0,0.8,0,0.26,1,5,1,1,19,80,1614,1
1,0.99,0,0.28,0,0,0,1,5,95,1005,1
0,0.81,0,0.18,1,15,0,0,5,59,1805,1
1,0.24,3,0.02,0,102,1,0,181,3400,854,0
1,0.0,3,0.09,1,74,1,1,727,4612,562,0
1,0.69,0,0.21,1,5,0,0,14,80,560,1
0,0.87,1,0.27,0,17,0,0,15,13,1494,1
1,0.09,1,0.0,0,98,1,1,909,2167,149,0
1,0.78,0,0.32,1,7,0,1,8,48,759,1
0,0.63,0,0.32,1,3,0,0,16,89,761,1
1,0.19,3,0.06,1,60,0,0,795,3550,742,0
1,0.08,2,0.09,0,26,1,1,805,584,766,0
1,0.11,3,0.05,0,40,1,1,162,6373,283,0
1,0.21,3,0.04,0,77,0,1,993,5171,380,0
0,0.59,0,0.24,0,2,0,1,8,57,1249,1
1,0.68,0,0.01,1,14,0,0,13,57,1509,1
1,0.18,2,0.03,0,99,0,0,655,6770,810,0
1,0.17,1,0.09,0,133,0,1,804,3308,144,0
1,0.29,4,0.04,0,94,0,1,557,2246,348,0
0,0.76,1,0.38,0,2,0,0,10,44,922,1
1,0.18,3,0.01,0,147,0,1,576,3218,214,0
1,0.29,2,0.0,0,28,1,0,830,2980,166,0
0,0.94,0,0.25,1,10,0,0,10,71,568,1
0,0.72,0,0.18,1,17,0,0,15,55,408,1
1,0.12,1,0.03,0,30,0,1,401,1200,402,0
0,0.64,1,0.49,0,17,0,1,8,21,140,1
1,0.2,3,0.09,0,90,0,1,344,6977,342,0
1,0.24,4,0.05,0,140,1,1,626,8029,320,0
0,0.76,0,0.0,1,19,0,0,20,88,634,1
0,0.87,0,0.47,0,9,0,1,1,35,1433,1
1,0.26,2,0.01,0,45,1,1,238,4744,427,0
1,0.1,3,0.05,1,55,1,1,232,8630,679,0
1,0.22,1,0.08,0,97,0,1,271,5414,454,0
1,0.65,1,0.4,0,13,0,0,10,50,287,1
1,0.94,0,0.33,1,20,0,0,17,29,1702,1
1,0.05,2,0.04,0,55,0,1,904,3394,829,0
1,0.16,4,0.02,0,90,0,1,346,9308,271,0
1,0.0,3,0.06,1,101,0,1,768,6253,321,0
1,0.19,4,0.01,0,123,0,1,437,5592,701,0
0,0.51,0,0.18,1,14,0,1,15,87,1723,1
1,0.18,4,0.02,0,98,1,0,569,789,377,0
1,0.06,4,0.04,1,96,1,1,250,2285,456,0
0,0.71,1,0.22,1,4,0,1,12,53,1799,1
1,0.84,1,0.43,1,3,1,1,20,81,413,1
1,0.29,2,0.06,0,88,0,1,913,2989,427,0
1,0.16,2,0.02,0,113,0,1,282,7320,848,0
1,0.12,2,0.08,0,117,0,0,255,1685,872,0
0,0.56,0,0.09,1,10,0,1,0,33,469,1
1,0.15,2,0.09,0,107,0,1,56,9624,405,0
0,0.81,0,0.13,1,6,0,0,12,64,328,1
1,0.14,4,0.03,0,67,1,1,888,9746,935,0
1,0.1,4,0.07,0,33,1,1,621,7460,176,0
1,0.18,2,0.03,0,120,1,1,214,4885,309,0
0,0.64,0,0.26,1,4,0,1,3,49,187,1
0,0.8,0,0.06,1,6,0,1,13,67,843,1
1,0.29,2,0.01,1,85,0,1,490,4138,535,0
1,0.3,4,0.01,0,129,1,0,949,5267,496,0
1,0.26,4,0.1,0,37,1,0,357,989,528,0
0,0.9,1,0.26,1,13,0,0,4,10,154,1
1,0.01,1,0.09,0,28,0,0,140,8399,262,0
1,0.24,2,0.01,0,42,0,1,400,1141,313,0
1,0.2,1,0.1,0,96,1,1,722,2772,529,0
1,0.25,4,0.04,0,93,0,0,213,3078,363,0
1,0.24,3,0.04,0,71,0,0,387,3313,526,0
1,0.14,2,0.01,1,136,1,1,562,6022,940,0
1,0.19,2,0.02,0,140,1,0,404,6580,894,0
0,0.55,0,0.27,0,13,0,0,14,67,1983,1
1,0.94,0,0.23,1,2,0,0,16,63,1862,1
1,0.76,1,0.47,1,7,0,0,9,50,745,1
0,0.6,0,0.08,1,3,1,0,11,14,1638,1
0,0.57,0,0.44,1,12,0,1,11,97,960,1
1,1.0,1,0.37,1,18,0,1,1,77,836,1
0,0.52,1,0.24,1,1,0,1,18,97,582,1
0,0.61,0,0.32,1,19,0,1,1,69,124,1
1,0.22,2,0.07,0,98,0,1,782,6200,544,0
1,0.23,4,0.07,0,21,1,1,227,9655,290,0
1,0.14,4,0.01,1,47,0,1,591,8544,525,0
1,0.24,2,0.05,0,60,0,1,153,9278,341,0
0,0.69,0,0.05,1,18,0,1,10,17,479,1
1,0.27,3,0.02,0,97,0,1,488,3906,966,0
1,0.21,4,0.06,0,42,0,1,358,2933,242,0
1,0.89,0,0.23,0,14,0,0,12,75,899,1
0,0.81,0,0.49,0,20,0,0,12,45,880,1
1,0.04,3,0.05,0,105,1,0,922,4715,311,0
0,0.77,0,0.26,1,8,0,0,6,33,1733,1
1,0.25,3,0.07,0,135,0,1,569,1190,298,0
1,0.84,0,0.1,1,4,0,0,6,78,567,1
0,0.7,1,0.39,1,4,0,1,12,37,1996,1
0,0.82,1,0.48,1,8,0,1,14,69,1229,1
1,0.24,1,0.02,0,73,1,0,500,603,880,0
1,0.27,2,0.05,0,28,1,1,135,7041,859,0
1,0.8,1,0.44,1,13,0,0,14,89,346,1
0,0.72,0,0.19,1,4,1,0,18,99,1457,1
0,0.75,1,0.1,1,15,0,0,2,59,1484,1
1,0.24,2,0.1,0,95,0,1,475,1570,511,0
1,0.75,1,0.18,1,20,0,1,18,14,369,1
1,0.18,3,0.04,0,29,1,1,524,7021,418,0
0,0.84,1,0.41,1,9,1,0,6,62,591,1
0,0.86,1,0.38,1,15,1,0,18,27,1776,1
1,0.06,3,0.04,1,133,0,1,323,3760,717,0
0,0.89,0,0.22,1,4,0,0,11,17,387,1
1,0.17,3,0.08,0,118,1,0,614,1401,523,0
0,0.95,1,0.24,1,17,0,1,6,80,1332,1
0,0.52,1,0.18,1,19,0,1,12,100,1709,1
1,0.23,3,0.03,1,42,0,0,619,8696,1000,0
0,0.84,0,0.48,1,7,1,1,18,93,126,1
1,0.97,0,0.37,1,4,1,0,3,51,1982,1
1,0.27,3,0.09,0,85,0,1,884,7195,569,0
0,0.74,1,0.49,1,8,0,0,1,62,885,1
1,0.64,0,0.45,1,10,0,0,4,92,250,1
0,0.53,0,0.25,0,8,0,0,7,77,1372,1
1,0.69,0,0.12,1,15,0,0,6,81,1476,1
1,0.13,2,0.07,0,54,0,1,513,7944,782,0
0,0.67,0,0.43,1,8,0,0,7,86,635,1
1,0.26,1,0.08,0,139,0,0,348,5297,153,0
0,0.97,0,0.33,1,13,1,1,0,89,272,1
0,0.83,1,0.4,1,15,0,1,14,37,1074,1
0,0.59,1,0.36,0,11,0,0,16,12,1959,1
1,0.01,2,0.03,0,30,1,0,50,7512,153,0
0,0.98,1,0.12,0,16,0,1,15,61,508,1
1,0.11,1,0.03,0,95,0,0,268,4690,563,0
1,0.27,2,0.09,0,43,1,1,609,9902,631,0
1,0.1,2,0.1,0,60,1,0,73,4725,193,0
0,0.75,1,0.43,1,4,0,0,2,72,890,1
0,0.75,0,0.03,0,3,0,1,13,49,102,1
1,0.12,1,0.01,0,87,0,1,882,8212,704,0
0,0.85,0,0.25,0,14,0,0,11,26,1637,1
1,0.91,1,0.03,1,15,0,1,15,31,1055,1
1,0.12,3,0.04,0,130,1,1,78,6774,622,0
1,0.02,1,0.01,0,37,1,0,916,6610,758,0
1,0.59,1,0.45,1,0,0,1,6,91,1428,1
0,0.76,0,0.3,0,8,0,0,2,59,1659,1
0,0.93,0,0.07,1,17,0,0,2,69,956,1
1,0.96,0,0.03,0,14,0,0,14,39,179,1
1,0.51,1,0.29,1,9,0,1,19,75,166,1
0,0.92,1,0.4,1,20,0,1,9,13,1346,1
0,0.8,1,0.44,0,18,0,1,19,56,1362,1
1,0.08,3,0.02,1,60,1,0,521,7315,113,0
1,0.22,2,0.03,0,88,1,1,722,4581,998,0
1,0.15,4,0.01,0,37,1,1,865,4808,409,0
1,0.3,3,0.01,0,56,1,1,674,8479,850,0
1,0.17,3,0.04,0,65,0,0,808,4279,252,0
0,0.81,1,0.42,1,3,0,0,10,45,403,1
1,0.81,1,0.22,1,5,0,0,20,19,158,1
0,0.64,0,0.27,1,14,0,0,18,75,1309,1
1,0.28,4,0.04,1,104,0,1,509,317,129,0
1,0.27,1,0.08,0,52,0,0,989,317,828,0
1,0.18,3,0.01,0,130,1,1,493,1540,508,0
1,0.26,1,0.1,0,146,0,1,62,4506,609,0
1,0.29,1,0.01,1,59,0,1,703,2371,296,0
1,0.13,2,0.04,1,113,1,0,637,4931,507,0
1,0.01,3,0.08,0,41,0,1,137,6268,523,0
1,0.21,2,0.06,0,55,1,1,133,8521,839,0
1,0.26,4,0.01,0,88,0,1,193,8143,595,0
1,0.08,1,0.05,0,111,0,1,567,5002,668,0
1,0.6,1,0.11,1,9,1,0,3,83,979,1
1,0.29,4,0.08,0,54,1,0,741,3406,995,0
0,0.9,0,0.42,1,15,1,0,15,67,914,1
1,0.13,2,0.02,0,148,1,0,523,8107,319,0
0,0.78,1,0.09,1,1,0,0,4,83,472,1
0,0.94,1,0.18,1,0,0,0,1,29,644,1
1,0.22,1,0.03,1,98,1,0,655,1008,884,0
1,0.04,3,0.04,0,92,1,1,738,9476,440,0
0,0.69,1,0.47,1,17,0,0,14,64,214,1
0,0.94,1,0.03,1,9,0,0,11,89,1848,1
0,0.66,1,0.37,0,13,1,0,7,98,1660,1
1,0.27,1,0.06,0,101,0,0,115,6941,432,0
0,0.89,1,0.13,1,17,1,0,5,72,1209,1
1,0.64,0,0.32,0,2,0,1,18,39,635,1
1,0.16,4,0.01,0,26,1,1,937,6751,953,0
1,0.9,1,0.36,1,15,0,1,18,84,225,1
0,0.82,0,0.12,1,14,1,0,0,34,443,1
0,0.66,0,0.01,1,6,0,1,5,21,1353,1
0,0.88,0,0.21,0,14,0,1,4,51,1986,1
0,0.9,0,0.13,1,4,0,1,4,97,1287,1
0,0.79,1,0.35,1,19,0,1,3,10,603,1
0,0.61,0,0.13,0,15,0,0,2,70,187,1
0,0.81,0,0.34,1,16,0,0,16,29,146,1
1,0.19,2,0.02,0,56,1,1,472,2846,390,0
1,0.16,3,0.05,1,54,0,1,322,6155,505,0
1,0.85,1,0.44,1,20,0,1,12,66,469,1
1,0.51,0,0.38,0,6,0,0,3,83,103,1
1,0.25,2,0.03,0,80,0,1,947,3114,893,0
1,0.55,0,0.14,1,13,0,1,16,25,1289,1
1,0.56,0,0.08,1,14,0,1,3,26,850,1
1,0.02,1,0.04,0,72,1,0,549,8226,928,0
0,0.89,0,0.24,0,13,0,0,2,68,1417,1
0,0.78,1,0.48,1,18,0,0,2,32,1743,1
1,0.02,4,0.05,0,123,1,0,962,8608,460,0
0,0.58,0,0.0,0,7,0,0,1,45,861,1
0,0.71,0,0.23,0,19,1,1,2,86,989,1
1,0.3,4,0.06,0,77,0,1,679,1247,678,0
1,0.13,2,0.05,1,95,0,1,52,3585,288,0
0,0.58,1,0.06,0,14,0,0,10,71,476,1
1,0.16,3,0.02,0,62,1,1,326,3767,463,0
1,0.09,4,0.04,0,102,0,0,661,6009,767,0
1,0.54,0,0.21,1,9,0,0,19,48,286,1
1,0.14,1,0.02,0,102,1,0,514,8263,464,0
1,0.3,2,0.1,0,104,1,1,575,9300,535,0
0,0.68,1,0.43,1,0,1,1,1,100,494,1
1,0.27,1,0.08,0,39,1,1,425,6562,880,0
0,0.74,0,0.14,1,9,0,1,9,90,121,1
1,1.0,0,0.31,1,5,0,1,2,77,301,1
1,0.03,1,0.02,0,133,1,1,566,7302,752,0
0,0.72,1,0.11,0,11,0,0,7,66,843,1
1,0.89,0,0.37,1,4,0,0,13,49,1051,1
1,0.13,2,0.0,0,86,1,1,318,542,407,0
1,0.09,4,0.02,0,124,0,1,414,1654,546,0
0,0.82,0,0.01,1,7,0,1,19,73,172,1
1,0.55,1,0.05,1,0,0,0,13,33,1344,1
1,0.12,2,0.09,0,26,1,1,350,8549,196,0
0,0.54,1,0.28,1,7,0,1,6,79,443,1
0,0.62,1,0.06,1,6,1,1,9,35,749,1
0,0.82,0,0.11,1,16,0,0,6,55,635,1
1,0.3,1,0.0,0,92,0,1,676,2815,225,0
0,0.51,1,0.41,1,8,0,0,14,31,1606,1
0,0.59,1,0.0,1,17,0,0,14,44,1239,1
0,0.65,0,0.19,1,1,0,0,13,27,477,1
1,0.07,3,0.04,0,77,1,0,281,3518,569,0
1,0.1,4,0.02,0,70,0,1,616,4311,964,0
1,0.2,2,0.05,0,132,1,1,729,5200,638,0
1,0.2,3,0.09,0,115,0,0,67,8562,293,0
0,0.72,1,0.0,1,7,0,0,20,11,1608,1
1,0.08,2,0.07,1,37,0,1,569,2578,990,0
1,0.03,1,0.04,0,146,1,0,79,5760,628,0
1,0.04,3,0.07,1,40,0,1,328,7022,474,0
1,0.05,4,0.08,0,110,1,1,253,6499,950,0
1,0.07,1,0.04,0,83,1,1,721,274,134,0
1,0.12,1,0.01,0,140,0,1,965,6732,978,0
1,0.23,3,0.01,0,26,1,1,336,3394,739,0
0,0.87,0,0.47,0,1,0,0,11,87,222,1
1,0.16,4,0.02,0,135,1,1,144,810,850,0
1,0.13,4,0.04,0,86,1,1,171,3241,457,0
1,0.54,0,0.05,0,7,0,0,4,89,204,1
1,0.28,1,0.05,0,53,0,0,650,6649,767,0
1,0.28,4,0.02,0,90,1,0,297,2492,339,0
1,0.99,1,0.37,1,16,0,1,2,68,740,1
1,0.27,2,0.01,0,147,1,1,527,6825,832,0
1,0.05,2,0.03,0,47,1,1,719,6977,932,0
0,0.7,0,0.11,0,6,0,1,17,96,269,1
1,0.22,1,0.05,0,142,0,1,404,8709,427,0
0,0.86,1,0.32,1,12,0,0,5,89,491,1
0,0.95,1,0.01,1,7,0,0,14,70,494,1
0,0.62,0,0.3,1,4,0,0,13,47,808,1
0,0.51,1,0.48,1,0,0,0,6,45,300,1
1,0.88,1,0.5,1,15,0,0,6,88,229,1
0,0.72,0,0.11,1,2,0,1,17,57,1336,1
0,0.66,1,0.36,0,3,0,0,7,13,1985,1
0,0.56,1,0.47,1,20,1,0,17,41,1935,1
0,0.69,0,0.04,1,7,0,0,4,88,1773,1
1,0.83,0,0.07,1,11,0,0,1,10,1077,1
1,0.24,4,0.07,0,92,1,0,516,1683,920,0
1,0.03,4,0.02,0,76,0,1,967,8991,365,0
0,0.95,1,0.44,0,5,0,1,5,96,1844,1
1,0.65,0,0.33,1,1,0,0,15,84,1532,1
1,0.07,4,0.08,0,54,1,1,724,7841,881,0
0,0.57,1,0.24,0,19,0,1,18,69,1434,1
1,0.86,1,0.25,1,10,0,0,17,30,1841,1
1,0.26,3,0.04,0,138,0,1,800,1093,502,0
1,0.67,0,0.29,1,9,0,1,17,36,431,1
1,0.18,3,0.08,0,36,0,1,156,2032,254,0
0,0.72,1,0.35,1,15,0,0,2,75,1852,1
1,0.02,2,0.04,0,71,1,1,133,6144,986,0
0,0.58,1,0.45,1,20,0,0,10,10,966,1
1,0.78,1,0.28,1,20,0,0,17,56,735,1
0,1.0,1,0.08,0,12,0,1,5,25,608,1
1,0.03,2,0.07,0,42,0,0,881,4414,271,0
1,0.18,2,0.09,0,102,0,0,870,8017,726,0
1,0.02,4,0.03,0,62,1,1,916,3593,938,0
0,0.94,0,0.33,1,3,0,1,12,15,115,1
1,0.29,2,0.04,0,93,1,1,527,3712,815,0
0,0.68,1,0.03,1,8,0,0,12,95,223,1
1,0.15,1,0.06,0,109,0,1,281,6286,939,0
1,0.2,1,0.07,0,132,0,0,369,2361,363,0
1,0.04,4,0.07,1,62,0,1,172,4517,257,0
1,0.96,1,0.25,0,16,0,1,7,18,838,1
0,0.93,0,0.48,1,1,0,0,17,35,1016,1
0,0.96,1,0.07,1,12,0,1,7,91,573,1
1,0.54,1,0.3,1,17,0,0,8,61,790,1
0,0.81,0,0.38,0,4,0,0,9,85,877,1
1,0.18,2,0.09,0,118,1,1,150,5417,956,0
0,0.84,0,0.08,1,10,0,0,2,60,1395,1
0,0.99,1,0.27,1,13,0,0,17,36,216,1
0,0.51,1,0.12,1,9,0,1,17,84,1499,1
1,0.93,0,0.18,1,10,0,0,0,61,1350,1
1,0.58,0,0.04,1,6,0,1,4,20,532,1
1,0.18,4,0.07,0,85,1,1,365,8394,122,0
0,0.74,0,0.27,1,14,0,1,18,83,530,1
1,0.04,4,0.07,0,26,0,1,584,6673,904,0
1,0.97,0,0.36,1,3,0,1,2,10,1684,1
1,0.17,4,0.07,1,58,0,1,335,7598,644,0
0,0.78,1,0.08,1,8,1,1,6,35,748,1
1,0.24,4,0.01,0,119,0,1,177,2741,354,0
0,0.6,0,0.19,1,16,0,0,8,93,1112,1
1,0.21,1,0.01,0,53,1,1,145,9844,451,0
1,0.28,3,0.05,0,47,1,0,720,8517,676,0
1,0.61,0,0.42,1,10,0,0,1,36,430,1
1,0.15,4,0.02,0,100,0,0,648,9462,526,0
0,0.75,1,0.48,1,1,0,1,13,37,1336,1
0,0.54,0,0.1,0,18,0,0,0,39,1546,1
1,0.69,1,0.27,0,10,0,0,10,63,795,1
0,0.91,0,0.29,1,18,0,0,6,21,1511,1
1,0.11,3,0.01,0,124,0,0,926,4852,696,0
0,0.8,1,0.43,1,20,0,1,9,91,175,1
1,0.19,4,0.1,0,60,1,1,58,2959,887,0
0,0.52,1,0.19,1,4,0,0,19,15,1405,1
0,0.76,0,0.24,1,9,0,1,7,76,1537,1
1,0.29,3,0.01,0,51,1,1,160,8667,460,0
0,0.61,0,0.2,0,17,0,1,12,31,1305,1
1,0.2,3,0.02,0,139,0,1,301,9317,704,0
0,0.69,1,0.32,1,3,0,0,0,17,171,1
1,0.19,4,0.03,1,110,0,0,333,7132,489,0
1,0.17,3,0.04,0,88,1,1,589,8213,711,0
0,0.78,0,0.34,1,1,0,1,6,37,1462,1
1,0.52,0,0.23,1,17,0,1,2,41,1351,1
1,0.18,3,0.04,0,96,0,0,180,1700,709,0
1,0.3,1,0.03,0,144,0,1,816,679,866,0
1,0.64,1,0.3,1,15,0,1,7,32,1302,1
0,0.56,1,0.06,1,13,0,0,14,60,717,1
1,0.03,1,0.06,0,73,1,1,241,5142,887,0
1,0.95,0,0.46,1,5,0,1,2,50,518,1
1,0.2,3,0.05,0,55,1,1,440,2853,699,0
1,0.86,0,0.09,1,16,0,0,19,25,1719,1
1,0.12,3,0.07,0,132,1,0,450,6484,908,0
0,0.66,1,0.47,0,20,0,1,14,81,189,1
1,0.11,3,0.08,0,41,1,1,453,7681,987,0
1,0.02,4,0.01,0,72,1,1,193,8797,725,0
1,0.12,1,0.09,0,149,0,1,155,9738,279,0
0,0.8,1,0.18,1,17,0,0,5,99,1636,1
0,0.62,0,0.26,1,6,0,1,1,83,748,1
1,0.27,4,0.08,0,54,1,1,221,9268,780,0
0,0.75,1,0.06,1,14,1,1,8,79,1834,1
1,0.68,0,0.27,1,0,1,0,14,35,1856,1
0,0.54,1,0.06,1,9,0,0,5,84,993,1
1,0.22,4,0.08,0,114,1,1,791,9720,841,0
0,0.58,0,0.43,1,10,0,1,16,66,1683,1
0,0.54,0,0.23,1,15,0,0,8,22,786,1
1,0.16,1,0.02,0,35,1,0,165,5150,745,0
0,0.92,1,0.16,0,11,0,0,8,36,697,1
1,0.11,4,0.09,0,63,1,1,179,6442,965,0
0,0.92,0,0.26,1,18,0,0,2,35,453,1
1,0.27,1,0.06,0,47,1,1,423,8030,330,0
0,0.68,0,0.05,1,8,0,0,4,60,238,1
0,0.81,0,0.1,1,19,1,1,7,55,1205,1
1,0.66,0,0.39,1,13,0,1,16,23,1513,1
0,0.74,0,0.25,1,4,0,1,17,24,1576,1
0,0.59,0,0.07,1,11,0,1,7,97,505,1
1,0.73,1,0.42,1,7,0,1,6,74,111,1
0,0.75,0,0.42,1,15,0,0,9,61,1920,1
1,0.03,4,0.01,0,29,1,0,893,8249,901,0
1,0.28,3,0.04,0,147,1,0,892,5823,359,0
0,0.8,1,0.31,1,19,0,0,2,73,1008,1
1,0.3,2,0.09,0,112,1,1,451,9337,782,0
1,0.18,3,0.0,0,99,0,0,659,9116,847,0
0,0.67,0,0.19,1,0,1,1,11,37,1603,1
1,0.01,4,0.08,0,77,0,1,52,1103,971,0
0,0.62,0,0.23,0,13,0,0,9,86,1838,1
1,0.15,3,0.03,0,111,0,1,708,1112,903,0
1,0.23,1,0.03,0,76,1,1,753,5901,609,0
1,0.5,0,0.25,0,13,0,1,5,10,837,1
1,0.59,1,0.32,1,11,0,1,13,90,284,1
0,0.76,1,0.3,1,13,0,0,15,54,1947,1
1,0.27,2,0.09,1,41,0,1,694,6139,662,0
1,0.02,1,0.03,0,92,1,1,789,6813,144,0
0,0.53,0,0.29,1,13,0,0,17,66,1852,1
1,0.71,1,0.4,1,19,0,1,17,51,1474,1
1,0.15,4,0.01,0,108,0,0,466,4868,383,0
1,0.79,0,0.17,1,18,0,0,10,31,739,1
1,0.89,1,0.38,1,3,0,1,12,25,1515,1
1,0.67,0,0.04,1,16,0,0,1,67,1166,1
0,0.52,1,0.24,1,19,0,0,9,16,1362,1
0,0.86,0,0.31,1,5,0,0,9,97,1137,1
0,0.98,0,0.29,1,13,1,0,6,82,616,1
1,0.87,0,0.06,1,5,1,0,17,62,1079,1
0,0.95,0,0.04,1,3,0,0,10,66,879,1
1,0.29,3,0.1,0,142,0,1,752,9689,930,0
1,0.8,0,0.18,1,1,0,0,14,34,654,1
1,0.12,1,0.07,0,32,0,0,694,9595,133,0
0,0.88,0,0.43,1,6,0,1,12,48,1198,1
0,0.55,1,0.29,1,11,0,0,9,99,933,1
1,0.24,1,0.03,0,121,1,1,346,5972,607,0
0,0.59,1,0.22,1,12,0,1,4,93,1151,1
0,0.88,0,0.03,1,2,0,1,18,21,524,1
1,0.68,1,0.43,1,2,1,0,5,74,1945,1
0,0.86,1,0.21,1,7,0,1,2,40,788,1
0,0.68,1,0.09,1,0,0,0,20,66,1385,1
0,0.55,0,0.19,1,15,0,1,15,14,1745,1
1,0.1,4,0.01,0,70,1,0,481,3322,943,0
1,0.19,1,0.06,0,140,1,0,897,1567,482,0
1,0.19,4,0.01,0,119,1,1,141,7741,226,0
1,0.7,0,0.28,1,5,0,0,14,38,538,1
1,0.09,4,0.08,0,82,0,1,329,4394,247,0
1,0.29,1,0.04,0,85,1,1,825,3428,890,0
0,0.99,0,0.19,1,0,0,0,4,75,1897,1
0,0.79,0,0.03,1,7,0,0,8,43,147,1
1,0.09,1,0.1,0,83,1,0,767,5681,467,0
0,0.7,0,0.19,1,6,0,0,4,61,1103,1
0,0.53,1,0.27,0,19,0,0,9,60,1519,1
1,0.03,1,0.0,0,45,1,1,663,1636,286,0
1,0.18,3,0.07,0,100,0,1,983,4394,352,0
1,0.2,1,0.0,0,137,1,1,200,9021,843,0
0,0.55,0,0.1,1,7,0,0,11,21,369,1
1,0.08,2,0.02,0,68,0,1,472,7001,792,0
1,0.06,1,0.01,0,94,1,0,919,5062,341,0
1,0.2,1,0.02,0,82,0,1,403,2444,478,0
0,0.85,1,0.14,1,3,0,0,5,74,1550,1
1,0.25,4,0.02,0,105,0,0,688,456,193,0
0,0.79,1,0.36,0,2,1,0,3,65,713,1
1,0.2,1,0.07,0,20,1,0,128,363,247,0
1,0.22,2,0.01,1,82,0,1,537,7238,754,0
0,0.81,0,0.16,1,15,0,1,17,57,1259,1
1,0.08,2,0.08,0,129,0,1,434,1815,891,0
1,0.07,1,0.03,1,38,1,0,647,5850,801,0
1,0.97,0,0.26,1,10,0,1,9,24,1664,1
1,0.18,3,0.01,0,51,1,1,95,7351,172,0
1,0.04,3,0.08,0,88,0,0,890,9787,801,0
0,0.92,1,0.32,0,19,0,0,0,86,786,1
0,0.77,0,0.43,1,15,0,0,2,98,246,1
1,0.13,2,0.0,0,71,1,0,499,1437,981,0
0,0.75,0,0.49,1,5,0,0,6,79,778,1
1,0.13,4,0.01,0,131,1,1,275,3667,879,0
1,0.23,2,0.01,0,105,0,1,176,1414,844,0
0,0.62,0,0.14,1,3,0,0,3,69,1999,1
1,0.25,2,0.03,0,42,1,0,237,1291,289,0
1,0.05,2,0.08,0,85,0,0,299,3745,763,0
1,0.56,0,0.19,1,17,0,0,8,72,806,1
1,0.71,1,0.22,1,12,0,0,10,34,644,1
1,0.7,0,0.48,1,18,0,1,4,39,1441,1
0,0.89,0,0.1,1,4,0,1,8,36,1714,1
1,0.17,2,0.04,0,103,1,0,589,875,318,0
1,0.25,1,0.08,0,61,0,1,186,8869,259,0
1,0.2,4,0.07,0,144,1,1,128,1373,283,0
0,0.78,1,0.15,1,9,0,1,7,74,284,1
1,0.88,0,0.26,0,11,0,0,18,77,141,1
0,0.76,0,0.38,1,4,0,0,18,22,941,1
1,0.14,3,0.05,0,28,0,0,332,4711,893,0
1,0.27,2,0.03,1,74,0,0,292,7636,211,0
1,0.22,3,0.09,0,45,0,1,183,7752,189,0
0,0.67,0,0.4,1,5,0,1,1,50,1629,1
0,0.52,1,0.14,1,1,0,0,17,83,939,1
0,0.69,1,0.11,1,18,0,0,12,70,930,1
0,0.91,1,0.29,0,12,0,0,3,89,1029,1
1,0.9,0,0.41,1,19,0,0,7,96,1539,1
0,0.97,1,0.18,1,16,0,1,2,32,813,1
1,0.65,1,0.11,1,18,0,0,15,10,1135,1
0,0.76,1,0.43,1,20,0,1,0,43,215,1
1,0.24,1,0.01,0,76,1,1,644,3538,574,0
1,0.02,3,0.03,0,70,0,1,94,7382,769,0
1,0.51,1,0.22,1,14,0,0,4,57,1288,1
1,0.09,4,0.08,0,141,0,1,150,8394,779,0
1,0.16,1,0.03,0,126,1,1,983,4894,549,0
0,0.94,0,0.29,1,8,0,0,19,29,715,1
0,0.57,1,0.33,1,4,0,0,8,41,1970,1
1,0.63,0,0.12,1,5,0,1,12,46,1186,1
1,0.72,1,0.46,1,2,0,1,10,24,1525,1
1,0.75,0,0.11,1,15,0,1,4,67,736,1
1,0.09,1,0.01,1,33,1,0,226,3856,249,0
1,0.19,4,0.01,0,123,1,1,203,3211,130,0
1,0.25,1,0.09,0,142,1,0,745,6129,493,0
1,0.12,2,0.04,1,137,0,1,446,1014,309,0
0,0.71,1,0.03,0,2,0,1,16,22,1707,1
1,0.29,3,0.04,0,47,0,1,271,2742,782,0
1,0.9,0,0.19,1,3,0,1,8,54,1359,1
1,0.21,4,0.03,0,124,1,1,525,5799,588,0
1,0.09,2,0.06,0,123,1,0,261,3690,524,0
0,0.56,0,0.45,1,2,0,1,13,38,292,1
1,0.28,2,0.05,0,109,1,1,199,1738,490,0
1,0.23,4,0.03,0,75,0,1,686,7032,307,0
1,0.12,1,0.09,0,118,1,1,125,4569,942,0
1,0.62,0,0.41,1,12,0,0,20,17,1734,1
0,0.64,0,0.25,0,0,0,1,7,77,846,1
1,0.2,1,0.1,0,74,1,1,704,8840,797,0
0,0.95,1,0.31,1,16,0,1,11,52,246,1
1,0.27,2,0.04,0,96,0,0,505,1285,625,0
1,0.09,4,0.1,0,79,1,1,538,3833,924,0
1,0.08,1,0.07,0,98,1,1,320,9479,451,0
1,0.19,4,0.06,0,55,0,1,637,1163,946,0
1,0.14,1,0.08,0,140,1,1,597,9257,847,0
1,0.25,1,0.02,0,80,0,1,677,795,583,0
1,0.02,4,0.08,0,53,0,1,418,6215,798,0
1,0.71,0,0.09,1,10,1,0,15,41,624,1
1,0.61,0,0.06,1,11,0,0,1,90,1346,1
0,0.84,1,0.34,1,16,0,1,18,72,191,1
0,0.53,1,0.35,0,16,0,0,13,43,1683,1
0,0.55,0,0.5,1,19,0,0,19,87,1501,1
1,0.13,1,0.01,0,62,0,1,313,7349,471,0
1,0.26,4,0.07,0,114,1,1,961,6573,905,0
1,0.13,4,0.06,0,134,0,1,719,783,910,0
0,0.61,0,0.19,1,4,0,1,19,83,547,1
1,0.24,4,0.05,0,91,1,0,877,6255,824,0
1,0.58,0,0.26,1,3,0,0,0,65,1168,1
1,0.15,4,0.06,0,121,1,1,254,1339,944,0
0,0.87,0,0.3,1,5,0,1,0,39,1843,1
1,0.28,4,0.07,0,89,0,0,1000,4771,189,0
1,0.03,2,0.06,0,81,0,0,408,5032,896,0
1,0.22,1,0.09,0,118,1,1,198,6899,727,0
0,0.93,1,0.03,0,5,0,0,9,25,1017,1
1,0.16,1,0.02,0,72,0,0,723,6444,473,0
1,0.13,4,0.06,0,137,0,0,134,6105,914,0
1,0.7,0,0.42,1,10,0,0,7,37,1548,1
0,0.75,0,0.1,0,16,0,0,14,22,963,1
0,0.87,0,0.2,1,11,0,0,10,51,357,1
0,0.61,0,0.2,0,9,0,1,10,68,270,1
0,0.79,0,0.02,1,6,0,1,15,33,1483,1
0,0.96,1,0.07,1,16,0,0,6,85,1486,1
0,0.93,0,0.49,1,16,0,0,4,49,1571,1
1,0.01,2,0.1,0,120,1,0,921,1256,712,0
0,0.71,1,0.03,1,6,0,1,2,17,1880,1
0,0.82,1,0.38,1,19,0,0,19,78,315,1
1,0.26,4,0.01,0,97,1,1,369,3342,164,0
1,0.26,3,0.04,1,145,1,0,597,5195,721,0
0,0.86,1,0.44,1,10,0,1,1,95,420,1
1,0.25,4,0.06,0,115,0,1,488,1250,713,0
1,0.28,1,0.02,0,136,0,1,566,3452,953,0
0,0.83,1,0.25,1,2,0,0,11,88,656,1
0,0.73,1,0.33,1,18,0,1,11,96,656,1
0,0.65,0,0.45,0,6,0,0,3,37,1319,1
0,0.82,0,0.24,1,8,0,0,0,96,1040,1
1,0.22,1,0.05,0,74,0,1,548,1721,357,0
1,0.68,1,0.0,1,11,0,0,9,44,392,1
1,0.14,4,0.02,0,140,0,1,922,8397,227,0
0,0.71,0,0.49,1,19,0,0,5,18,1599,1
0,0.57,1,0.1,1,14,0,0,10,32,1879,1
0,0.62,1,0.25,1,5,0,1,0,79,1822,1
1,0.52,1,0.04,0,17,0,0,14,49,1607,1
1,0.09,4,0.02,0,33,0,1,217,9828,533,0
1,0.29,2,0.07,0,55,1,0,680,5589,270,0
1,0.25,4,0.02,1,26,1,1,490,9973,969,0
1,0.59,0,0.27,1,13,0,1,15,26,1510,1
1,0.66,0,0.11,1,12,0,1,19,40,925,1
1,0.88,0,0.15,0,1,0,1,14,58,1325,1
0,0.66,0,0.17,1,1,0,1,0,80,1229,1
1,0.65,0,0.38,1,11,0,0,17,43,1753,1
1,0.06,3,0.04,0,79,1,0,824,2540,343,0
1,0.52,1,0.14,1,10,1,0,16,78,1418,1
1,0.08,4,0.1,0,88,0,1,182,1273,692,0
1,0.24,1,0.03,0,125,0,1,472,4161,125,0
1,0.13,3,0.02,1,57,1,1,420,1052,643,0
1,0.1,2,0.05,0,82,0,1,187,587,941,0
1,0.88,0,0.4,0,5,0,1,10,52,1023,1
1,0.27,4,0.07,0,123,1,1,209,1743,123,0
1,0.61,1,0.33,0,16,1,0,6,62,1152,1
1,0.07,1,0.0,0,121,0,1,743,7256,545,0
0,0.86,0,0.13,0,5,0,0,17,96,451,1
1,0.03,2,0.02,0,111,0,1,373,488,672,0
1,0.75,1,0.06,1,3,0,0,12,84,803,1
1,0.03,4,0.07,0,53,0,1,956,9716,669,0
1,0.18,2,0.06,0,123,0,1,963,1484,862,0
1,0.28,3,0.01,0,72,0,0,260,977,191,0
0,0.83,1,0.12,0,18,0,0,11,91,1892,1
1,0.14,4,0.02,0,50,0,1,175,6179,569,0
0,0.63,1,0.37,1,6,0,1,1,27,1891,1
1,0.15,1,0.07,0,88,0,0,676,2351,492,0
1,0.21,4,0.03,0,72,1,1,490,5279,117,0
0,0.85,1,0.22,0,8,0,0,17,43,1318,1
1,0.04,2,0.0,0,23,1,1,295,5954,529,0
1,0.28,4,0.1,1,108,0,1,876,5608,368,0
1,0.23,1,0.03,0,129,1,1,108,2758,194,0
1,0.1,3,0.02,0,105,1,1,472,807,319,0
1,0.09,1,0.04,0,67,0,1,477,3550,849,0
1,0.11,4,0.0,0,67,0,0,959,5632,623,0
0,0.73,1,0.33,1,13,0,0,1,69,1246,1
1,0.91,0,0.45,1,12,0,1,9,72,912,1
1,0.13,1,0.06,0,48,1,1,215,4682,355,0
1,0.17,3,0.06,0,36,1,0,854,2029,145,0
1,0.6,1,0.36,1,7,0,0,12,14,294,1
1,0.2,3,0.03,0,45,1,1,921,3311,758,0
1,0.17,1,0.01,0,101,0,1,890,2733,177,0
0,0.87,0,0.4,1,20,0,0,14,83,1794,1
0,0.77,0,0.05,1,18,0,0,1,74,882,1
1,0.3,2,0.09,0,33,0,1,677,9154,418,0
1,0.26,2,0.05,0,88,1,1,468,8220,354,0
1,0.26,3,0.09,0,60,0,0,245,5634,438,0
0,0.84,0,0.47,0,0,1,1,13,66,1394,1
0,0.68,0,0.42,1,12,0,1,11,96,684,1
1,0.52,1,0.03,0,6,0,0,10,17,1059,1
1,0.2,2,0.01,0,51,1,0,906,3814,750,0
1,0.16,2,0.01,0,84,1,0,541,1996,304,0
0,0.74,0,0.45,1,1,0,1,3,77,1324,1
1,0.18,4,0.05,0,126,0,0,262,3821,964,0
1,0.6,1,0.04,1,11,0,0,3,14,914,1
1,0.02,1,0.04,1,105,1,1,832,469,260,0
0,0.57,1,0.42,1,1,0,1,9,67,1381,1
1,0.08,4,0.05,0,65,0,0,543,1749,882,0
1,0.3,3,0.09,0,87,0,1,104,4441,223,0
0,0.97,0,0.16,1,0,0,0,9,44,1645,1
0,0.83,1,0.21,1,8,0,1,15,90,1680,1
1,0.05,4,0.04,0,123,0,1,585,8670,728,0
0,0.95,1,0.05,0,9,0,0,17,77,1302,1
1,0.14,2,0.03,0,25,0,0,678,4283,780,0
0,0.57,0,0.28,1,12,0,0,20,20,538,1
1,0.01,3,0.01,0,66,1,0,941,7963,961,0
0,0.59,0,0.33,1,13,0,0,2,72,140,1
1,0.27,1,0.07,0,125,1,1,633,9505,542,0
0,0.91,0,0.44,1,5,0,0,15,64,919,1
1,0.29,4,0.05,0,51,1,1,450,1244,102,0
1,0.09,4,0.08,1,99,0,0,173,4831,106,0
1,0.06,1,0.03,0,59,0,1,437,8066,895,0
1,0.16,2,0.1,0,23,1,1,919,3807,750,0
0,0.52,0,0.41,1,20,0,0,7,58,1592,1
0,0.87,0,0.12,1,19,0,0,6,92,1444,1
1,0.81,0,0.26,1,2,0,0,13,68,255,1
1,0.09,4,0.0,0,70,0,0,507,1332,861,0
0,0.95,1,0.41,1,7,0,1,6,87,295,1
1,0.01,1,0.1,0,123,1,1,139,6623,725,0
1,0.22,2,0.03,0,94,1,1,569,6903,803,0
0,0.97,1,0.25,1,20,0,0,1,98,1557,1
1,0.97,0,0.45,1,19,0,1,2,14,1624,1
1,0.04,1,0.01,0,40,0,1,170,5306,106,0
1,0.95,0,0.12,0,14,0,0,15,22,201,1
0,0.93,1,0.02,0,3,0,1,0,87,1467,1
0,0.75,1,0.12,1,13,0,0,18,55,1517,1
1,0.21,1,0.04,0,38,0,1,723,7470,536,0
1,0.18,2,0.06,0,87,0,0,431,7487,676,0
1,0.07,1,0.08,0,55,1,1,84,2957,569,0
0,0.5,0,0.46,1,12,0,1,15,16,1575,1
1,0.98,0,0.45,1,8,0,1,17,11,1526,1
1,0.18,1,0.08,0,100,1,1,458,5188,886,0
0,0.67,0,0.21,1,12,0,0,18,56,994,1
1,0.9,0,0.22,1,0,0,0,2,77,1108,1
0,0.59,1,0.37,1,19,0,1,0,22,977,1
1,0.25,2,0.03,0,72,1,1,866,4737,277,0
0,0.61,0,0.45,1,9,0,1,7,44,1844,1
0,0.61,1,0.28,1,14,0,1,20,83,868,1
0,0.76,1,0.17,1,12,0,1,6,47,1391,1
0,0.63,0,0.36,1,9,0,0,18,41,1008,1
0,0.52,0,0.28,1,3,0,0,19,75,485,1
1,0.06,3,0.08,0,41,0,1,397,1460,795,0
0,0.66,1,0.47,1,11,0,1,10,71,1250,1
1,0.13,4,0.04,0,130,0,0,597,7966,819,0
1,0.02,2,0.01,0,80,0,0,679,1759,582,0
1,0.16,3,0.02,0,146,0,0,220,5427,800,0
1,0.2,4,0.01,0,150,0,1,263,5521,141,0
1,0.22,4,0.02,0,56,1,1,946,3503,227,0
1,0.1,2,0.01,0,147,1,1,221,2768,327,0
1,0.12,4,0.07,0,136,1,0,484,7349,748,0
0,0.97,0,0.21,1,15,0,0,11,72,1132,1
1,0.25,3,0.1,0,142,0,1,500,1555,784,0
1,0.84,0,0.43,1,20,0,0,18,41,1531,1
1,0.05,3,0.09,0,76,0,0,925,6422,328,0
0,0.58,0,0.21,1,6,0,1,16,22,318,1
1,0.16,2,0.1,0,119,1,0,570,4021,401,0
1,0.3,1,0.04,0,26,0,1,771,9417,630,0
1,0.24,4,0.05,0,93,1,1,654,8064,725,0
0,0.81,1,0.33,1,13,0,1,16,84,1691,1
1,0.05,2,0.07,0,59,0,1,73,791,366,0
1,0.03,3,0.0,0,79,1,0,264,2454,680,0
0,0.94,0,0.42,1,2,0,1,17,54,1368,1
1,0.74,1,0.27,1,1,0,1,20,60,105,1
0,0.73,1,0.09,1,8,0,0,12,29,210,1
0,0.61,0,0.1,1,1,0,0,15,69,277,1
1,0.17,2,0.04,0,67,1,1,416,7968,285,0
1,0.07,1,0.03,0,125,0,0,332,4364,669,0
1,0.26,1,0.07,1,93,1,0,917,4416,581,0
0,0.81,0,0.04,1,0,0,1,20,68,275,1
0,0.84,1,0.26,1,3,0,1,10,67,169,1
0,0.61,0,0.4,1,20,0,0,4,38,379,1
1,0.22,1,0.03,0,55,0,0,432,6222,602,0
1,0.15,2,0.02,0,82,0,1,453,897,700,0
1,0.12,1,0.02,0,93,0,0,522,9070,362,0
1,0.09,1,0.05,0,95,0,1,477,2279,224,0
1,0.25,4,0.06,0,66,1,1,714,6210,426,0
0,0.63,1,0.04,0,13,0,0,7,43,469,1
1,0.14,2,0.06,0,125,1,0,215,2241,116,0
0,0.95,0,0.0,0,17,0,0,0,57,1654,1
0,0.79,1,0.18,0,10,1,1,12,80,1699,1
1,0.26,4,0.09,0,42,1,1,344,9218,400,0
1,0.17,1,0.01,0,146,0,0,436,486,635,0
1,0.03,1,0.1,0,76,1,1,660,6238,591,0
1,0.0,4,0.03,1,52,1,1,282,8973,115,0
0,0.67,0,0.05,1,19,0,1,0,49,300,1
1,0.77,0,0.31,1,10,0,1,10,54,511,1
0,0.85,0,0.44,1,3,0,0,20,55,1133,1
1,0.2,3,0.07,0,112,0,1,695,8792,620,0
0,0.86,0,0.25,1,0,0,0,10,41,682,1
1,0.26,2,0.1,0,123,1,1,849,6360,859,0
1,0.09,3,0.01,0,111,0,1,632,1705,632,0
0,0.69,1,0.5,1,16,0,0,14,44,1715,1
1,0.62,1,0.07,0,20,0,1,2,56,1100,1
0,0.84,1,0.2,1,16,1,1,14,53,616,1
1,0.28,1,0.03,0,21,1,0,887,5889,163,0
0,0.91,1,0.19,1,18,0,1,12,24,114,1
1,0.23,3,0.02,1,87,0,0,398,517,145,0
1,0.57,1,0.46,0,3,0,1,8,100,1491,1
0,0.94,0,0.2,0,3,0,1,6,67,1893,1
1,0.28,1,0.07,0,50,1,1,679,3527,484,0
0,0.93,1,0.31,0,8,0,1,17,76,1519,1
1,0.9,1,0.37,1,11,0,1,2,49,1093,1
1,0.06,4,0.02,0,105,0,1,446,7680,723,0
1,0.1,4,0.02,0,137,0,0,845,1600,353,0
1,0.57,1,0.15,0,10,0,0,18,64,742,1
1,0.16,2,0.0,0,106,0,0,584,4885,476,0
1,0.92,0,0.15,1,6,0,0,5,47,1722,1
0,0.89,1,0.23,1,7,0,0,10,16,684,1
0,0.79,0,0.02,1,5,0,0,13,78,559,1
1,0.05,3,0.02,0,70,1,1,721,8119,149,0
0,0.81,0,0.12,1,5,0,0,3,16,1595,1
0,0.88,0,0.21,1,20,0,0,13,92,1002,1
1,0.02,3,0.01,0,33,1,1,591,9558,484,0
0,0.59,1,0.05,0,0,0,1,15,100,487,1
1,0.13,4,0.06,0,88,0,1,844,7085,919,0
1,0.16,1,0.07,1,123,1,1,303,1822,558,0
1,0.81,0,0.09,1,6,0,1,12,82,809,1
0,0.56,1,0.3,1,16,0,0,19,40,192,1
1,0.75,0,0.45,1,15,1,0,19,22,1575,1
0,0.7,1,0.27,1,8,0,1,7,33,800,1
1,0.89,0,0.18,1,0,0,0,1,42,453,1
1,0.16,2,0.07,1,91,0,0,817,5607,894,0
1,0.3,2,0.04,0,94,0,0,966,2029,149,0
1,0.01,2,0.06,0,148,1,1,71,8504,237,0
1,0.03,2,0.02,0,27,1,1,378,3070,763,0
1,0.27,3,0.02,0,53,1,1,680,4271,247,0
1,0.27,2,0.01,0,28,0,1,335,9506,725,0
0,0.53,1,0.09,1,4,0,0,3,74,655,1
1,0.04,2,0.01,0,26,1,1,422,5685,469,0
1,0.18,4,0.01,1,71,0,0,57,2659,524,0
1,0.19,4,0.05,0,114,0,1,565,3160,250,0
0,0.61,0,0.11,0,0,1,1,19,13,1020,1
0,0.99,0,0.15,1,4,1,0,5,22,733,1
1,0.06,2,0.0,0,78,1,1,177,7447,400,0
1,0.04,2,0.03,0,97,0,0,827,2192,917,0
1,0.26,2,0.05,0,132,0,1,927,1588,933,0
0,0.58,1,0.28,0,6,0,0,7,81,1225,1
0,0.96,1,0.09,0,10,0,1,4,67,1427,1
1,0.19,3,0.03,0,28,1,1,870,6274,808,0
1,0.72,0,0.3,1,0,0,1,11,52,790,1
0,0.66,1,0.22,1,3,0,0,3,50,1471,1
1,0.7,0,0.28,1,3,0,1,13,43,877,1
0,0.64,0,0.09,1,6,0,1,16,15,1430,1
0,0.58,1,0.03,0,12,0,1,9,40,1989,1
1,0.24,2,0.04,0,93,1,1,699,4074,366,0
1,0.04,1,0.09,1,43,0,1,890,9593,544,0
1,0.13,3,0.05,0,46,1,1,947,3590,351,0
1,0.78,0,0.15,0,10,0,1,5,71,1964,1
0,0.56,1,0.2,1,20,0,1,11,54,191,1
0,0.91,0,0.24,0,15,0,0,12,45,196,1
0,0.75,0,0.05,1,6,0,0,13,24,331,1
0,0.85,1,0.14,1,7,1,0,2,30,1311,1
1,0.08,1,0.02,0,149,0,1,92,5027,551,0
0,0.84,1,0.0,1,20,0,0,3,45,1295,1
1,0.09,1,0.08,0,51,0,1,279,3716,626,0
1,0.53,0,0.07,1,3,0,1,15,35,1799,1
1,0.08,4,0.02,0,100,0,1,403,2271,470,0
0,0.69,1,0.41,1,18,0,0,20,68,1406,1
0,0.82,1,0.3,1,18,1,0,5,20,407,1
1,0.74,0,0.45,1,12,0,0,4,26,1936,1
1,0.02,3,0.05,0,141,0,1,351,8872,384,0
0,0.54,0,0.46,1,3,0,1,7,62,1686,1
1,0.28,4,0.03,0,99,0,0,132,5905,521,0
0,0.92,1,0.34,1,16,1,0,18,75,275,1
0,0.56,0,0.03,1,20,0,0,17,41,294,1
0,0.66,0,0.46,1,3,0,0,7,87,249,1
1,0.14,4,0.06,0,67,1,1,169,6776,974,0
1,0.53,0,0.46,1,5,0,1,12,13,510,1
1,0.05,4,0.06,0,61,1,1,840,8196,650,0
0,0.67,0,0.31,0,16,0,0,18,62,1796,1
1,0.2,4,0.03,0,51,0,1,318,2859,602,0
1,0.57,0,0.34,1,18,0,1,2,87,135,1
1,0.09,3,0.07,0,115,1,1,934,3090,835,0
1,0.27,2,0.08,0,146,0,0,564,4899,232,0
1,0.02,2,0.02,0,121,0,1,848,7988,249,0
1,0.89,0,0.19,1,19,0,1,3,98,1999,1
1,0.21,3,0.04,0,117,0,1,75,8583,507,0
1,0.98,0,0.1,1,17,0,1,0,18,338,1
1,0.04,4,0.07,0,20,0,1,172,7587,917,0
0,0.84,1,0.48,1,16,0,0,16,79,114,1
1,0.1,3,0.04,1,97,0,1,82,2955,398,0
1,0.08,2,0.01,1,32,1,0,601,5664,412,0
1,0.05,2,0.07,0,55,0,1,751,2862,629,0
0,1.0,1,0.42,1,15,0,1,12,10,392,1
1,0.12,3,0.02,0,56,1,0,959,5589,287,0
0,0.94,0,0.3,1,19,0,1,14,45,739,1
1,0.12,1,0.0,1,121,1,1,68,2084,795,0
1,0.15,2,0.04,0,95,1,1,926,8366,820,0
0,0.94,1,0.24,1,11,0,0,19,89,1610,1
0,0.88,1,0.49,0,0,0,1,1,44,1306,1
0,0.8,1,0.12,0,12,0,1,7,94,852,1
1,0.03,4,0.06,0,139,0,0,936,8345,320,0
0,0.96,0,0.26,1,3,0,0,6,65,385,1
1,0.2,4,0.03,0,30,0,1,209,5450,560,0
1,0.29,3,0.03,0,76,1,0,386,4952,949,0
1,0.16,3,0.06,0,51,1,0,69,7635,622,0
1,0.13,2,0.01,0,42,1,0,145,6383,762,0
0,0.69,1,0.47,1,17,1,1,5,91,316,1
0,0.57,1,0.15,1,2,0,0,10,54,1406,1
1,0.1,1,0.01,0,106,0,1,402,2418,514,0
0,0.92,1,0.26,0,20,0,0,16,18,1301,1
0,0.5,0,0.08,0,4,0,1,19,43,252,1
1,0.14,4,0.01,0,122,1,1,475,2703,749,0
1,0.09,1,0.08,0,111,0,1,544,1802,262,0
0,0.78,1,0.05,1,15,0,1,10,32,284,1
1,0.75,0,0.01,0,17,0,0,9,36,1278,1
1,0.28,2,0.03,0,47,0,0,388,4010,471,0
0,0.54,0,0.22,1,14,0,0,17,23,412,1
0,0.87,1,0.39,1,10,0,0,13,92,1248,1
1,0.13,4,0.06,0,122,1,1,308,6341,592,0
1,0.2,4,0.08,0,103,0,1,797,7481,630,0
1,0.73,1,0.43,1,16,0,1,0,92,1997,1
0,0.56,1,0.2,0,17,0,0,1,13,1744,1
1,0.25,2,0.01,1,135,0,0,735,7854,489,0
1,0.2,4,0.03,0,113,1,1,767,7048,920,0
1,0.18,3,0.08,0,144,1,1,528,7659,630,0
0,0.96,1,0.09,1,8,1,0,4,67,1008,1
1,0.24,2,0.06,0,64,0,1,542,7618,264,0
1,0.97,1,0.01,1,15,0,0,1,70,921,1
1,0.94,1,0.49,1,20,0,0,14,92,437,1
1,0.27,2,0.03,0,38,1,1,894,5344,864,0
1,0.19,1,0.0,0,117,0,1,109,2763,828,0
1,0.21,4,0.02,0,116,0,0,910,8820,805,0
1,0.02,3,0.05,0,142,1,0,246,5891,995,0
1,0.27,2,0.1,0,41,0,1,888,468,564,0
1,0.53,0,0.29,1,7,0,0,9,42,606,1
1,0.75,0,0.35,0,20,0,0,12,98,935,1
0,0.52,1,0.06,1,2,0,1,3,41,772,1
1,0.0,1,0.0,0,110,1,1,352,7744,308,0
0,0.98,0,0.27,1,1,0,1,1,55,695,1
1,0.17,4,0.06,1,68,0,1,657,451,277,0
0,0.75,0,0.29,1,12,0,1,5,35,1229,1
1,0.09,3,0.01,1,70,1,0,831,8500,545,0
0,0.8,0,0.24,1,6,0,1,4,79,1317,1
1,0.07,4,0.05,0,143,1,0,936,8684,845,0
1,0.16,4,0.08,0,32,0,0,724,4567,670,0
1,0.18,2,0.03,0,102,0,1,126,6279,741,0
0,0.83,1,0.32,1,13,0,1,8,81,1834,1
0,0.75,0,0.08,1,9,0,0,3,33,934,1
0,0.94,0,0.14,1,16,0,1,1,52,1197,1
1,0.21,4,0.05,0,89,0,1,240,3644,624,0
0,0.54,1,0.22,1,14,0,1,18,26,1116,1
1,0.3,2,0.01,0,101,1,1,213,3150,850,0
1,0.11,4,0.07,0,68,1,0,747,3804,127,0
0,0.69,0,0.1,1,0,0,0,2,65,1821,1
0,0.59,0,0.05,1,9,0,0,11,73,1097,1
0,0.74,1,0.08,1,7,0,1,14,20,1940,1
1,0.16,3,0.02,0,94,1,1,332,4740,356,0
0,0.77,0,0.44,1,0,0,1,11,76,1447,1
1,0.75,1,0.46,1,4,0,0,16,19,1685,1
1,0.29,2,0.07,0,35,0,1,730,1791,246,0
1,0.96,1,0.3,1,12,0,0,9,47,165,1
0,0.58,0,0.44,1,14,0,1,12,42,1877,1
0,0.52,0,0.03,1,15,0,0,6,60,668,1
1,0.1,4,0.02,0,120,0,1,108,5251,361,0
1,0.06,2,0.04,0,121,1,1,588,7930,564,0
0,0.88,1,0.13,1,20,1,1,2,82,1059,1
1,0.29,4,0.03,1,104,0,1,212,4267,313,0
0,0.76,1,0.39,1,20,0,1,19,47,139,1
0,0.96,0,0.01,1,18,0,1,3,83,128,1
1,0.14,3,0.09,0,139,0,1,664,4768,928,0
0,0.97,0,0.4,1,17,1,0,7,66,827,1
1,0.66,1,0.32,0,10,0,0,19,81,491,1
0,0.51,0,0.27,1,19,1,0,5,68,848,1
1,0.13,1,0.04,0,145,0,1,266,1115,831,0
1,0.22,4,0.05,0,36,0,0,744,6129,654,0
0,0.87,0,0.09,1,11,0,1,9,77,1840,1
1,0.56,1,0.26,1,12,0,0,1,67,659,1
0,0.63,1,0.33,1,9,1,1,8,17,670,1
1,0.23,3,0.09,0,61,0,1,191,4917,552,0
1,0.11,3,0.02,0,29,1,1,795,9467,944,0
1,0.17,4,0.08,0,141,0,0,374,2750,707,0
0,0.78,0,0.35,1,17,0,0,15,60,1305,1
1,0.0,4,0.03,0,77,0,0,147,4169,667,0
0,0.8,1,0.11,1,0,1,0,12,77,1131,1
1,0.24,1,0.07,0,137,1,1,981,6560,899,0
0,0.62,0,0.1,1,15,0,0,18,59,1851,1
1,0.26,1,0.09,0,84,0,1,667,3941,359,0
0,0.63,1,0.46,0,20,0,1,9,49,798,1
0,0.97,0,0.0,1,17,1,0,9,25,842,1
1,0.11,1,0.05,0,92,1,1,1000,9128,455,0
1,0.0,2,0.1,0,31,1,1,261,8199,265,0
1,0.26,4,0.07,0,150,1,1,609,2518,139,0
0,0.8,1,0.16,1,13,0,0,17,56,829,1
1,0.1,2,0.0,0,102,1,1,497,9096,182,0
1,0.99,0,0.12,0,20,0,1,9,62,286,1
0,0.53,0,0.01,1,1,0,0,3,14,413,1
0,0.57,1,0.05,1,18,1,0,16,15,1843,1
0,0.58,0,0.42,1,16,0,0,5,54,290,1
1,0.11,3,0.08,0,56,1,1,311,1532,844,0
1,0.28,3,0.07,0,31,0,1,534,6873,398,0
1,0.05,4,0.04,0,74,1,1,170,3571,198,0
1,0.07,1,0.08,1,37,1,0,162,5236,812,0
1,0.72,0,0.12,1,11,0,0,0,65,891,1
1,0.74,1,0.21,1,18,0,0,5,31,922,1
1,0.05,2,0.02,0,68,0,1,686,1568,837,0
0,0.83,1,0.38,1,8,1,1,1,16,361,1
1,0.11,3,0.08,0,40,1,1,218,4918,330,0
0,0.8,1,0.2,0,7,0,1,9,19,1242,1
1,0.12,1,0.09,0,136,0,1,859,3413,370,0
1,0.74,1,0.05,1,19,0,0,3,21,762,1
1,0.77,0,0.33,1,20,0,0,1,99,799,1
0,0.6,0,0.23,0,17,0,0,19,23,674,1
1,0.68,1,0.28,1,0,0,0,13,47,210,1
0,0.76,1,0.04,0,19,0,0,14,73,584,1
1,0.02,2,0.02,0,62,0,0,643,7967,126,0
1,0.09,1,0.06,0,131,1,0,370,2087,338,0
0,0.66,0,0.4,1,6,0,0,7,97,905,1
0,0.5,0,0.22,1,10,0,0,6,26,1740,1
1,0.26,1,0.08,0,145,0,0,382,6555,913,0
1,0.11,1,0.03,0,125,1,0,109,4478,590,0
1,0.14,2,0.01,0,68,1,1,188,6721,904,0
0,0.84,0,0.33,1,7,0,0,18,57,1490,1
0,0.87,0,0.03,1,17,0,0,11,87,216,1
1,0.22,2,0.1,0,138,0,1,308,9390,695,0
1,0.17,1,0.02,0,78,1,1,432,1710,457,0
1,0.29,3,0.08,1,99,0,1,177,6141,578,0
1,0.87,1,0.08,1,8,0,0,20,10,1531,1
0,0.68,0,0.38,0,8,0,1,4,24,609,1
0,0.57,1,0.27,0,12,0,0,5,39,1173,1
1,0.22,4,0.07,0,46,0,1,434,1088,288,0
1,0.1,3,0.05,1,90,1,1,304,5497,907,0
0,0.67,0,0.01,1,11,0,1,20,27,252,1
0,0.81,0,0.12,1,8,0,0,6,61,1804,1
1,0.54,1,0.48,1,10,0,1,19,41,262,1
0,0.62,0,0.45,1,12,0,0,8,75,650,1
1,0.15,4,0.0,0,25,1,1,458,9978,780,0
1,0.21,4,0.05,1,121,1,1,681,1053,789,0
0,0.58,1,0.02,1,15,0,1,9,24,1834,1
1,0.15,4,0.07,0,147,0,0,206,9771,276,0
0,0.86,0,0.07,1,14,0,0,3,73,575,1
1,0.68,0,0.12,1,11,0,0,18,27,1334,1
1,0.15,4,0.08,0,134,1,1,962,948,821,0
1,0.02,2,0.0,1,121,0,0,353,1815,943,0
1,0.63,1,0.3,1,4,0,0,17,34,1759,1
1,0.14,4,0.07,0,34,0,0,191,741,641,0
1,0.62,1,0.32,0,7,0,1,3,25,1400,1
1,0.06,2,0.08,0,110,0,1,262,7866,669,0
1,0.28,2,0.09,0,28,0,0,239,3543,412,0
1,0.87,0,0.48,1,14,0,1,7,33,1544,1
1,0.09,2,0.1,0,23,0,0,596,7131,482,0
1,0.02,3,0.01,0,95,0,1,458,7213,409,0
1,0.1,4,0.04,0,88,0,1,621,2766,967,0
0,0.58,0,0.37,1,4,0,0,4,28,480,1
1,0.07,4,0.09,0,63,1,1,67,3813,979,0
1,0.96,0,0.1,0,1,0,0,0,70,1193,1
0,0.97,0,0.36,1,11,0,0,10,44,939,1
1,0.15,2,0.03,0,141,1,1,865,9253,568,0
0,0.96,1,0.18,1,19,0,1,17,23,636,1
1,0.29,2,0.01,0,34,1,1,833,1765,177,0
1,0.27,2,0.0,0,122,0,1,901,405,779,0
1,0.17,4,0.02,0,53,1,1,206,9901,334,0
1,0.06,4,0.04,0,116,0,1,163,3010,451,0
0,0.5,0,0.45,1,0,0,0,19,59,733,1
0,0.56,0,0.13,1,15,0,0,4,76,937,1
1,0.02,3,0.05,0,66,0,1,526,2098,964,0
1,0.67,1,0.24,1,3,0,0,6,51,1235,1
1,0.93,1,0.45,0,15,0,1,2,88,1457,1
0,0.5,1,0.44,1,18,0,0,3,91,1062,1
1,0.99,0,0.03,1,0,0,1,7,56,147,1
1,0.02,2,0.08,0,102,0,1,680,7262,348,0
0,0.7,1,0.22,1,18,0,1,13,15,788,1
0,0.69,0,0.08,1,3,0,1,4,21,124,1
1,0.1,4,0.06,0,138,0,0,279,3104,250,0
0,0.77,0,0.01,1,15,0,0,5,50,1548,1
0,0.71,0,0.41,0,14,0,1,16,57,828,1
1,0.27,4,0.01,0,90,1,1,193,4687,262,0
1,0.12,4,0.02,1,65,1,0,806,5284,251,0
1,0.22,3,0.06,0,49,0,1,989,6270,301,0
1,0.14,1,0.09,0,100,1,1,431,5356,732,0
1,0.3,2,0.07,0,28,1,1,451,9704,337,0
1,0.03,3,0.09,1,87,1,1,477,6107,968,0
1,0.01,1,0.06,0,34,1,1,601,4550,911,0
1,0.93,1,0.44,0,1,1,1,11,53,1401,1
1,0.99,1,0.2,0,0,0,1,5,16,124,1
1,0.05,3,0.01,0,36,0,0,155,8273,219,0
1,0.86,1,0.1,1,14,1,1,15,11,798,1
1,0.61,1,0.09,1,12,0,1,2,38,1893,1
1,0.9,0,0.29,1,19,0,0,1,58,535,1
1,0.16,1,0.08,0,126,0,1,616,2668,584,0
0,0.81,0,0.35,1,3,0,1,3,73,667,1
1,0.86,0,0.49,1,9,0,0,6,92,232,1
1,0.29,3,0.09,0,142,0,1,188,3003,463,0
1,0.14,4,0.04,0,129,1,1,921,2534,935,0
1,0.24,4,0.05,0,70,1,0,59,5992,292,0
1,0.22,4,0.09,1,23,1,0,648,4143,565,0
1,0.61,0,0.39,1,19,0,0,4,68,1652,1
0,0.6,1,0.3,0,13,0,0,10,29,1278,1
1,0.14,4,0.07,0,80,1,1,181,5458,118,0
1,0.25,1,0.04,0,96,0,1,120,1247,326,0
1,0.27,3,0.02,0,28,0,0,390,6003,611,0
1,0.26,4,0.01,0,104,1,0,329,1456,163,0
0,0.51,0,0.33,1,3,0,0,6,50,1739,1
1,0.7,0,0.3,0,5,0,1,19,30,1450,1
1,0.01,3,0.0,0,53,0,1,823,7244,264,0
0,0.57,1,0.02,0,12,0,0,11,21,1704,1
1,0.81,0,0.5,1,19,0,0,15,86,258,1
1,0.29,1,0.02,0,100,0,1,56,4970,712,0
1,0.23,2,0.02,0,130,1,1,823,4388,801,0
0,0.91,0,0.31,1,14,0,1,2,72,1843,1
0,0.61,1,0.32,1,18,0,0,4,86,1490,1
1,0.2,2,0.04,0,93,1,0,538,9427,445,0
0,0.66,0,0.05,1,8,0,0,9,98,1290,1
0,0.91,1,0.43,1,2,0,0,17,98,939,1
1,0.29,4,0.06,0,31,1,1,801,6390,160,0
0,0.61,1,0.42,1,1,1,1,13,25,520,1
1,0.09,3,0.03,0,143,1,1,352,8903,635,0
1,0.07,2,0.06,0,21,0,0,282,3389,862,0
1,0.18,3,0.07,0,59,1,1,989,8242,891,0
0,0.78,1,0.31,1,17,0,0,5,58,1507,1
0,0.92,1,0.08,1,5,0,0,4,94,1241,1
1,0.2,2,0.07,0,136,1,1,847,1268,202,0
1,0.15,4,0.05,0,52,1,0,932,2802,238,0
1,0.68,1,0.44,1,18,0,0,4,20,1135,1
0,0.57,0,0.28,1,13,0,1,19,15,1450,1
0,0.84,1,0.06,0,19,0,0,19,86,615,1
0,0.61,0,0.37,1,11,0,0,8,58,919,1
1,0.84,1,0.11,0,14,0,0,12,50,540,1
0,0.72,1,0.1,1,14,0,1,2,52,1431,1
0,0.68,0,0.22,1,3,0,0,1,64,1282,1
0,0.74,1,0.32,0,5,0,1,2,87,1820,1
0,0.77,0,0.3,0,1,1,0,15,37,1659,1
1,0.29,4,0.03,0,107,0,0,273,3499,162,0
0,0.55,0,0.21,1,2,0,0,13,53,1958,1
1,0.09,4,0.04,0,97,1,0,445,3513,458,0
0,0.52,1,0.46,1,6,1,0,7,52,1859,1
1,0.87,0,0.04,1,8,0,1,17,18,1283,1
1,0.25,1,0.1,0,143,0,1,511,2756,539,0
0,0.52,0,0.02,1,3,0,0,10,41,1869,1
1,0.1,3,0.02,0,138,1,1,784,2137,851,0
0,0.93,0,0.43,1,5,0,0,6,83,1798,1
1,0.53,0,0.37,1,3,0,1,2,11,585,1
1,0.65,0,0.15,1,20,0,0,18,25,685,1
0,0.97,0,0.35,0,10,1,1,3,15,1441,1
0,0.8,0,0.34,1,4,0,0,7,31,994,1
1,0.09,4,0.0,0,55,1,1,382,1772,916,0
1,0.24,3,0.04,0,148,1,0,101,7504,146,0
1,0.01,4,0.06,0,26,1,0,952,7445,819,0
1,0.25,3,0.03,0,145,0,1,238,4172,904,0
0,0.63,0,0.44,0,0,1,1,10,90,1172,1
0,0.92,0,0.13,1,0,1,0,14,50,1215,1
1,0.11,4,0.03,0,146,0,0,861,7267,103,0
1,0.25,1,0.08,0,58,0,1,392,4191,693,0
1,0.2,2,0.02,0,108,1,1,531,1991,479,0
1,0.69,1,0.09,1,17,0,1,8,75,633,1
1,0.29,3,0.06,0,129,0,1,823,5517,986,0
0,1.0,0,0.13,0,0,0,0,3,88,1505,1
0,0.8,1,0.09,1,18,0,0,17,29,575,1
1,0.14,3,0.04,0,70,1,0,936,6553,677,0
0,0.52,1,0.2,0,3,0,0,5,45,1488,1
1,0.54,0,0.25,0,10,0,0,12,11,1046,1
1,0.18,1,0.01,0,72,0,0,256,1299,770,0
1,0.12,3,0.1,0,128,0,1,908,2656,671,0
0,0.63,0,0.11,1,18,0,0,10,95,1904,1
0,0.97,0,0.17,1,9,0,1,12,16,774,1
1,0.83,1,0.03,0,0,0,1,4,81,1293,1
1,0.71,0,0.23,1,5,0,0,11,96,1165,1
1,0.02,2,0.09,0,148,0,1,634,1920,613,0
1,0.07,4,0.09,0,122,0,1,810,3292,939,0
0,0.93,1,0.01,0,16,0,0,8,46,1438,1
1,0.04,1,0.1,0,88,0,0,990,2606,740,0
1,0.09,1,0.06,0,91,1,1,122,3327,558,0
0,0.54,0,0.4,1,15,0,1,19,80,1333,1
0,0.58,0,0.34,0,14,0,0,17,40,1400,1
1,0.26,2,0.04,0,120,0,1,745,5416,608,0
1,0.63,0,0.49,1,9,0,0,15,97,1298,1
1,0.28,2,0.08,1,148,0,1,328,415,532,0
1,0.0,2,0.09,0,87,1,0,265,5646,705,0
1,0.22,2,0.07,0,137,0,0,733,9715,638,0
1,0.28,2,0.01,0,142,0,1,701,4653,667,0
1,0.6,1,0.03,1,7,0,0,20,18,314,1
1,0.07,1,0.07,1,23,0,0,638,5910,286,0
1,0.22,2,0.06,0,70,1,1,804,7587,665,0
1,0.22,4,0.0,0,55,1,0,370,4662,418,0
1,0.15,1,0.08,0,31,1,0,228,6837,302,0
0,0.56,0,0.1,1,12,0,0,3,73,1326,1
1,0.26,2,0.08,0,100,1,1,65,2503,966,0
1,0.18,2,0.05,0,43,0,0,820,8435,295,0
1,0.71,1,0.43,0,5,0,1,14,49,1257,1
1,0.28,2,0.1,0,135,0,0,378,906,936,0
0,0.6,1,0.36,1,11,0,0,3,72,1529,1
1,0.11,1,0.07,0,105,0,1,550,2942,690,0
0,0.72,0,0.19,1,12,0,0,4,32,1514,1
1,0.01,2,0.08,0,76,1,0,453,3806,703,0
1,0.19,4,0.0,0,69,0,1,164,6341,806,0
1,0.28,4,0.06,0,94,1,0,622,9159,131,0
1,0.18,3,0.0,0,126,0,1,71,9294,164,0
1,0.3,1,0.09,0,73,0,1,812,4378,909,0
0,0.86,0,0.16,1,4,0,0,16,74,1382,1
1,0.66,1,0.05,1,0,0,0,14,52,1586,1
1,0.09,1,0.08,1,60,0,1,115,9756,552,0
1,0.91,1,0.26,0,19,0,1,15,15,1468,1
1,0.87,0,0.44,1,11,0,1,6,20,654,1
0,0.68,1,0.39,1,20,0,1,20,73,237,1
1,0.09,2,0.03,0,68,1,1,899,7621,836,0
1,0.83,0,0.34,1,0,0,1,16,10,172,1
0,0.67,0,0.5,1,2,0,0,13,41,452,1
0,0.67,1,0.24,1,20,0,1,17,63,646,1
0,0.67,1,0.38,1,16,0,1,18,16,845,1
1,0.63,1,0.23,1,12,0,0,18,51,1920,1
1,0.27,3,0.09,0,80,0,1,599,4084,524,0
0,0.62,0,0.44,1,20,0,1,2,45,538,1
0,0.97,0,0.11,1,10,0,0,7,10,759,1
1,0.81,0,0.28,1,1,0,0,17,23,1122,1
0,0.92,1,0.28,1,13,0,0,18,82,1236,1
0,0.79,0,0.07,1,2,0,0,10,81,1622,1
1,0.13,1,0.07,0,22,0,0,797,7779,523,0
1,0.07,1,0.02,0,27,1,1,208,6873,326,0
1,0.16,1,0.03,0,61,1,1,789,2736,323,0
1,0.08,4,0.07,0,36,0,1,960,611,467,0
1,0.51,1,0.06,1,4,0,0,18,60,596,1
1,0.01,2,0.07,0,114,0,1,767,1082,148,0
1,0.71,0,0.47,1,5,1,0,0,95,1728,1
1,0.74,1,0.47,1,18,1,1,0,91,1690,1
1,0.09,4,0.07,1,136,0,1,236,3094,996,0
0,0.68,1,0.11,0,11,1,0,1,49,1470,1
0,0.87,0,0.24,0,11,0,0,17,58,623,1
1,0.04,3,0.1,0,88,1,0,702,377,843,0
1,0.22,4,0.06,1,84,1,0,580,271,835,0
0,0.64,1,0.2,1,9,0,0,4,13,1181,1
1,0.19,2,0.06,0,25,0,0,50,787,779,0
1,0.1,2,0.01,0,83,1,1,228,6500,708,0
0,0.83,1,0.23,1,8,0,0,4,53,1482,1
1,0.68,0,0.39,1,2,0,1,17,16,141,1
1,0.16,2,0.0,0,129,0,1,411,9460,345,0
1,0.1,4,0.07,1,103,1,0,283,9868,761,0
1,0.18,3,0.01,0,49,0,0,488,1234,981,0
0,0.68,0,0.25,1,10,0,1,0,95,1984,1
0,0.72,0,0.03,1,16,0,0,17,89,847,1
1,0.64,0,0.11,1,6,0,1,3,81,1606,1
1,0.1,4,0.09,0,42,0,1,112,7865,218,0
1,0.84,0,0.37,1,13,0,1,18,71,1287,1
0,0.98,0,0.22,1,6,0,1,12,25,956,1
0,0.65,1,0.08,1,0,0,1,19,71,1680,1
0,0.83,0,0.07,1,6,0,0,7,99,1607,1
1,0.3,3,0.1,0,40,0,0,302,9155,183,0
0,1.0,0,0.36,1,15,1,0,18,27,871,1
1,0.26,2,0.02,0,137,1,1,655,3716,712,0
0,0.8,1,0.02,0,13,0,0,7,67,1029,1
0,0.61,1,0.35,1,4,0,0,11,41,463,1
1,0.72,1,0.07,0,4,1,1,4,43,1152,1
1,0.94,0,0.36,0,15,0,1,7,79,1097,1
1,0.02,1,0.06,0,88,0,0,811,298,459,0
1,0.03,3,0.09,0,76,1,1,408,2393,241,0
1,0.29,3,0.04,0,137,0,1,355,6400,323,0
1,0.08,3,0.05,0,149,1,0,631,5114,526,0
1,0.29,4,0.1,0,133,0,1,520,975,645,0
0,0.87,0,0.44,1,5,0,0,11,46,493,1
0,0.82,0,0.13,0,1,0,0,7,83,144,1
0,0.71,0,0.28,0,1,0,0,13,16,1309,1
1,0.24,4,0.07,0,113,0,0,942,2881,609,0
1,0.28,1,0.01,0,80,0,0,489,9192,211,0
0,0.66,1,0.43,1,17,0,1,1,84,306,1
1,0.88,0,0.44,0,7,0,0,2,40,752,1
1,0.27,4,0.05,0,115,1,0,449,9388,396,0
1,0.08,2,0.01,0,129,0,1,264,7684,651,0
1,0.24,3,0.03,0,135,1,1,610,8465,800,0
1,0.13,1,0.01,0,92,0,0,122,7487,890,0
1,0.18,1,0.08,0,100,0,1,821,6398,432,0
1,0.21,3,0.08,0,21,0,1,982,1958,249,0
1,0.03,3,0.05,0,128,1,1,143,1509,101,0
1,0.3,2,0.09,0,149,0,0,59,2481,531,0
1,0.05,4,0.03,0,127,0,1,662,3244,464,0
0,0.6,1,0.32,0,1,0,1,11,84,1604,1
1,0.15,4,0.04,0,105,1,1,59,9377,273,0
0,1.0,1,0.21,1,1,0,1,14,71,1924,1
1,0.25,4,0.01,1,88,0,0,760,7666,993,0
1,0.26,3,0.02,0,49,1,1,72,3353,145,0
1,0.2,3,0.07,0,118,0,1,381,3172,488,0
1,0.28,3,0.06,0,83,1,0,169,5864,798,0
0,0.82,1,0.05,1,0,0,0,8,99,1330,1
0,0.79,1,0.37,1,0,1,0,10,99,1882,1
1,0.2,1,0.02,0,99,1,1,584,8369,540,0
1,0.66,0,0.39,0,15,1,1,4,70,281,1
1,0.03,4,0.05,0,69,0,0,147,4359,993,0
1,0.81,0,0.0,0,6,0,1,13,31,454,1
1,0.63,0,0.15,1,3,1,1,19,22,573,1
0,0.52,0,0.4,1,5,1,1,1,84,333,1
0,0.5,1,0.02,1,20,0,1,14,22,329,1
1,0.21,2,0.04,0,31,0,1,950,9769,614,0
0,0.98,1,0.14,1,13,1,0,4,65,562,1
0,0.55,0,0.22,1,2,0,0,19,59,1393,1
0,0.87,0,0.38,1,9,0,0,5,78,1025,1
1,0.72,0,0.5,0,11,0,1,4,41,339,1
1,0.29,1,0.02,0,25,1,1,599,8225,131,0
1,0.1,3,0.07,0,114,1,1,992,3426,616,0
0,0.78,1,0.19,0,14,0,1,8,74,1877,1
0,0.97,0,0.38,1,2,0,0,1,98,1081,1
1,0.16,2,0.07,0,126,0,1,267,3462,947,0
1,0.05,2,0.04,0,111,0,0,915,4299,390,0
0,0.99,0,0.47,0,8,0,0,10,10,911,1
1,0.06,2,0.03,0,25,0,1,431,9547,123,0
0,0.83,0,0.24,1,13,1,0,8,45,1711,1
0,0.8,1,0.29,1,19,0,0,2,39,623,1
1,0.06,1,0.08,0,39,0,0,574,2245,719,0
0,0.78,0,0.32,1,0,0,0,13,27,1144,1
1,0.11,4,0.07,0,145,1,0,945,6251,669,0
1,0.14,2,0.1,0,88,0,1,99,5272,660,0
1,0.16,1,0.02,0,61,0,0,494,3662,164,0
1,0.16,4,0.01,0,124,1,0,299,5313,579,0
1,0.87,1,0.49,1,20,0,0,4,64,505,1
1,0.87,1,0.24,1,10,0,0,15,93,1798,1
1,0.07,2,0.06,0,49,0,1,56,364,102,0
1,0.7,1,0.41,1,3,0,0,8,43,1245,1
1,0.04,4,0.01,0,117,0,1,919,9278,131,0
0,0.62,0,0.48,1,10,0,1,5,98,1029,1
0,0.72,1,0.31,1,15,0,0,5,21,1770,1
0,0.65,1,0.37,1,13,0,0,10,54,1151,1
1,0.13,3,0.08,0,143,0,1,53,5953,936,0
0,0.69,0,0.27,0,12,0,0,1,85,449,1
0,0.96,0,0.24,0,10,0,1,7,40,984,1
1,0.05,3,0.04,0,148,1,1,881,353,460,0
1,0.75,1,0.12,0,12,0,1,12,94,1970,1
0,0.98,1,0.02,1,1,0,0,15,71,1185,1
1,0.05,3,0.01,0,99,1,1,392,8143,876,0
0,0.78,0,0.1,1,12,0,1,2,84,492,1
1,0.07,4,0.1,0,140,0,1,273,3425,224,0
1,0.25,4,0.02,0,127,0,1,65,7594,748,0
1,0.19,2,0.07,0,36,0,1,689,6398,668,0
1,0.72,1,0.45,0,10,0,1,5,86,319,1
1,0.14,4,0.08,0,28,0,1,603,852,476,0
1,0.12,4,0.05,0,57,0,1,501,2547,528,0
1,0.1,1,0.09,1,132,1,1,933,3562,785,0
0,0.52,0,0.46,1,14,0,0,16,19,815,1
0,0.65,1,0.38,1,0,0,0,17,21,620,1
1,0.15,3,0.02,0,32,1,1,796,2516,833,0
1,0.1,3,0.03,0,22,0,1,703,7989,615,0
0,0.63,1,0.24,1,7,0,1,0,92,1912,1
0,0.92,1,0.29,1,17,0,0,13,55,1223,1
1,0.11,1,0.02,0,51,0,0,935,4091,339,0
1,0.21,3,0.05,0,147,1,1,364,2312,997,0
0,0.62,0,0.38,1,16,1,0,6,38,880,1
1,0.01,3,0.0,0,94,1,1,963,8443,154,0
0,0.57,0,0.26,0,19,0,0,9,69,1076,1
1,0.13,2,0.09,0,61,0,1,449,6790,834,0
1,0.29,4,0.08,0,28,0,1,183,5157,741,0
1,0.1,2,0.09,0,50,0,1,604,269,233,0
1,0.17,1,0.07,0,21,0,1,456,2420,563,0
0,0.89,1,0.36,0,2,0,0,11,90,128,1
1,0.11,4,0.08,1,61,1,1,902,4342,685,0
1,0.18,4,0.03,0,96,0,1,264,1732,181,0
1,0.65,1,0.25,1,1,0,0,17,32,861,1
1,0.24,1,0.08,0,58,0,0,711,9119,408,0
1,0.24,2,0.07,0,130,1,1,863,1012,143,0
1,0.24,1,0.03,0,116,0,0,343,9804,977,0
1,0.18,3,0.02,0,103,1,1,702,7769,423,0
0,0.98,1,0.25,1,1,0,0,4,91,468,1
1,0.81,0,0.33,1,15,0,1,4,80,445,1
1,0.19,4,0.03,0,150,0,1,898,7472,884,0
1,0.28,2,0.02,0,59,0,1,346,6091,622,0
1,0.03,4,0.06,0,72,0,1,224,3944,475,0
1,0.06,2,0.01,0,126,0,1,685,1620,857,0
1,0.22,1,0.07,0,30,0,1,458,6230,785,0
0,0.77,0,0.34,1,11,0,1,10,67,422,1
0,0.77,1,0.04,1,7,0,1,5,23,208,1
1,0.56,0,0.31,1,16,0,0,17,83,595,1
1,0.2,1,0.01,0,27,0,1,495,2717,933,0
0,0.81,0,0.48,0,13,0,1,15,75,1227,1
0,0.85,0,0.2,1,1,0,1,3,88,885,1
1,0.02,3,0.06,0,40,0,0,952,1338,222,0
0,0.82,0,0.24,1,2,0,0,15,85,1985,1
1,0.1,2,0.0,0,106,1,1,739,5170,853,0
0,0.95,1,0.21,1,0,0,0,0,72,518,1
1,0.25,1,0.03,0,87,0,0,255,1040,468,0
0,0.57,1,0.05,0,9,0,0,20,74,1349,1
0,0.66,0,0.24,1,15,0,1,1,75,334,1
1,0.25,3,0.1,0,51,1,1,911,7847,604,0
1,0.93,1,0.3,1,13,0,0,19,15,1787,1
1,0.11,2,0.04,0,94,1,1,412,5208,146,0
1,0.09,2,0.01,0,53,0,1,675,6535,408,0
0,0.96,1,0.48,1,15,1,1,13,46,1117,1
0,0.88,0,0.22,0,20,0,0,2,87,1333,1
1,0.65,0,0.12,0,17,0,0,11,43,967,1
0,0.93,0,0.11,1,3,0,1,3,27,657,1
1,0.14,1,0.05,0,20,1,1,974,1053,514,0
1,0.13,2,0.03,0,96,0,1,216,8839,342,0
0,0.81,0,0.04,1,5,0,1,2,83,713,1
1,0.25,4,0.08,0,124,0,0,922,3444,497,0
0,0.89,1,0.3,0,10,0,0,17,45,669,1
0,0.65,0,0.45,1,6,0,1,0,62,377,1
1,0.12,1,0.06,0,40,0,0,145,811,231,0
1,0.3,2,0.02,0,78,0,1,759,7531,112,0
1,0.75,1,0.14,1,9,0,0,4,19,242,1
1,0.23,3,0.07,0,141,0,1,206,2625,795,0
0,0.76,0,0.24,1,12,1,0,4,83,662,1
1,0.17,3,0.03,0,66,1,1,385,2240,478,0
1,0.16,4,0.02,0,144,0,1,464,6912,931,0
1,0.79,1,0.08,1,10,0,0,15,83,1599,1
1,0.82,0,0.1,1,9,0,1,18,54,1567,1
0,0.61,0,0.13,1,14,0,0,20,82,1908,1
1,0.67,1,0.22,0,10,1,0,19,86,558,1
1,0.04,3,0.1,0,92,1,1,110,5989,140,0
1,0.57,1,0.36,1,2,0,1,17,55,1871,1
1,0.03,3,0.0,0,123,1,1,800,4600,961,0
1,0.09,1,0.05,0,91,0,0,58,7073,875,0
1,0.16,4,0.06,0,136,1,1,516,1676,644,0
1,0.01,4,0.07,0,111,1,1,713,6037,766,0
1,0.21,1,0.07,0,146,0,0,218,1604,854,0
0,0.76,0,0.28,1,1,0,0,10,67,1968,1
1,0.69,1,0.49,1,8,1,1,2,58,1815,1
1,0.22,3,0.03,0,29,0,1,260,4894,270,0
0,0.52,1,0.21,1,5,0,0,13,36,1661,1
1,0.05,4,0.01,0,84,0,1,763,4147,539,0
1,0.29,4,0.07,0,114,1,0,958,6718,697,0
0,0.68,1,0.03,1,6,0,0,4,74,609,1
0,0.74,1,0.11,1,0,0,1,17,92,1925,1
1,0.04,2,0.07,0,70,1,1,684,3081,306,0
1,0.13,3,0.07,0,142,0,1,923,8788,626,0
0,0.83,0,0.01,0,10,0,0,7,72,501,1
0,0.78,1,0.18,1,6,1,0,4,40,723,1
0,0.79,1,0.09,1,12,0,0,14,69,227,1
0,0.9,0,0.37,1,12,1,1,16,52,1828,1
1,0.28,3,0.02,0,92,1,0,964,6619,577,0
1,0.94,0,0.36,1,9,0,0,18,41,1636,1
1,0.3,4,0.04,1,100,0,1,87,911,739,0
1,0.02,4,0.02,0,117,0,1,219,4441,982,0
1,0.01,1,0.0,0,126,0,0,951,5760,847,0
1,0.05,3,0.04,0,90,0,1,759,2476,151,0
0,0.89,0,0.48,1,14,0,0,1,15,905,1
1,0.18,1,0.02,0,26,0,1,593,2050,335,0
1,0.01,3,0.03,0,52,1,1,716,3225,233,0
1,0.08,1,0.05,0,137,0,0,549,1710,318,0
1,0.09,1,0.06,0,87,1,0,911,7173,317,0
1,0.84,1,0.18,1,2,0,1,16,94,1768,1
1,0.16,2,0.01,0,75,0,1,62,9925,310,0
1,0.75,0,0.05,0,4,0,0,6,90,965,1
1,0.13,3,0.1,0,68,0,0,374,8653,737,0
1,0.04,3,0.06,0,71,1,0,525,8994,161,0
1,0.29,2,0.03,0,97,0,0,256,3655,881,0
0,0.86,1,0.06,1,3,1,0,12,10,558,1
1,0.18,4,0.05,0,32,1,1,794,7463,702,0
1,0.27,3,0.03,0,62,1,1,297,3263,250,0
0,0.57,1,0.38,1,15,0,0,19,69,925,1
0,0.91,0,0.24,0,15,0,1,3,98,233,1
1,0.04,1,0.07,0,134,1,1,694,4389,557,0
1,0.93,1,0.21,1,15,0,0,8,72,789,1
1,0.19,4,0.05,0,36,1,1,422,993,444,0
1,0.21,2,0.01,0,36,1,1,844,1360,790,0
1,0.18,4,0.1,0,104,1,0,471,7703,235,0
1,0.2,3,0.05,0,70,0,0,472,5058,690,0
1,0.05,1,0.02,0,57,1,1,822,6072,853,0
0,0.81,0,0.14,1,11,1,0,20,28,845,1
0,0.83,1,0.41,1,18,0,0,20,10,308,1
0,0.63,0,0.11,1,16,1,0,11,67,651,1
0,0.55,1,0.27,1,7,0,0,3,90,650,1
1,0.13,3,0.04,0,109,1,1,412,1639,942,0
0,0.57,1,0.18,0,5,0,0,1,12,683,1
1,0.1,1,0.07,0,136,0,1,980,3290,661,0
0,0.82,0,0.38,0,12,0,1,17,92,1507,1
0,0.67,0,0.07,1,16,0,0,12,65,1965,1
0,0.99,0,0.16,1,20,0,1,0,46,290,1
0,0.52,1,0.25,1,20,0,1,16,99,643,1
0,0.67,1,0.28,1,5,0,0,17,61,256,1
0,0.97,0,0.09,1,7,0,0,15,100,1299,1
0,0.79,0,0.15,1,7,0,1,0,51,1721,1
1,0.07,4,0.02,0,47,1,1,450,1911,172,0
1,0.08,3,0.06,1,129,1,1,268,731,278,0
1,0.29,2,0.1,0,113,1,1,296,2488,792,0
1,0.08,1,0.05,1,42,1,0,597,1705,507,0
1,0.11,1,0.03,0,121,0,1,78,7928,844,0
1,0.09,3,0.05,1,83,0,1,684,2357,1000,0
1,0.81,1,0.05,1,10,1,0,9,50,1440,1
1,0.02,1,0.0,0,26,1,1,55,2643,116,0
1,0.03,4,0.09,1,21,1,1,864,7286,664,0
1,0.83,0,0.46,1,20,0,1,13,60,973,1
1,0.87,1,0.04,1,15,0,0,14,59,1238,1
1,0.2,1,0.07,0,43,0,1,832,6646,789,0
1,0.19,3,0.02,1,140,1,1,396,9636,138,0
1,0.02,1,0.01,0,59,1,1,653,615,606,0
0,0.96,1,0.06,1,4,0,1,4,90,997,1
1,0.29,2,0.0,0,142,1,0,968,7553,980,0
0,0.78,1,0.38,1,9,1,1,9,40,1255,1
0,0.76,0,0.16,0,3,0,1,2,11,1427,1
1,0.17,4,0.05,0,115,0,0,156,4167,120,0
1,0.75,1,0.32,1,2,0,1,7,24,577,1
0,0.56,1,0.28,1,18,0,1,16,47,800,1
1,0.01,4,0.05,0,59,0,1,241,9955,814,0
1,0.01,4,0.05,0,29,1,1,461,8292,737,0
1,0.54,0,0.17,1,13,0,0,7,22,914,1
1,0.02,2,0.01,0,127,1,1,709,467,309,0
1,0.05,1,0.09,0,150,0,0,952,9320,331,0
0,0.78,1,0.2,1,0,0,0,1,44,900,1
1,0.51,0,0.08,1,19,0,1,3,27,1900,1
0,0.8,0,0.35,0,12,0,1,5,67,220,1
1,0.62,0,0.48,0,12,0,0,12,57,1534,1
1,0.55,0,0.09,1,17,0,0,0,26,1961,1
1,0.01,1,0.04,0,139,1,1,456,7702,264,0
1,0.03,1,0.02,0,145,0,1,990,2421,953,0
1,0.02,2,0.03,0,50,0,1,504,9248,981,0
1,0.18,2,0.09,0,116,0,1,344,7273,375,0
1,0.24,2,0.07,1,145,1,1,831,6358,818,0
1,0.59,0,0.32,1,8,0,0,8,90,1040,1
1,0.05,2,0.01,0,30,0,0,758,8549,319,0
0,0.73,1,0.37,1,16,0,0,7,42,1051,1
0,0.98,1,0.11,1,3,0,0,12,36,121,1
0,0.83,1,0.49,1,19,0,0,8,60,1882,1
0,0.82,0,0.09,1,3,0,0,8,21,1146,1
1,0.24,3,0.01,0,133,0,1,301,1115,869,0
1,0.21,1,0.08,0,86,0,1,372,5485,804,0
1,0.78,0,0.03,1,8,0,1,10,76,1821,1
0,0.52,1,0.14,1,3,0,0,19,43,1033,1
1,0.1,2,0.1,0,73,0,1,797,8220,592,0
1,0.02,1,0.03,0,118,0,0,429,3634,128,0
0,0.75,1,0.3,1,18,0,0,5,80,355,1
1,0.29,2,0.04,0,105,1,1,552,409,787,0
1,0.04,4,0.01,0,123,1,1,731,4992,856,0
1,0.04,1,0.09,0,61,0,1,398,8990,493,0
1,0.6,1,0.03,1,3,0,0,18,94,1218,1
1,0.05,1,0.0,0,32,0,1,542,4191,157,0
1,0.75,1,0.25,1,11,0,0,2,82,1563,1
1,0.01,4,0.06,0,98,0,1,549,5434,900,0
1,0.17,3,0.05,0,93,1,0,590,551,393,0
1,0.65,0,0.26,1,16,0,1,17,70,1874,1
0,0.52,1,0.08,1,16,0,1,2,69,1095,1
0,0.83,1,0.4,1,4,0,0,6,52,945,1
0,0.93,1,0.09,1,9,0,1,20,14,1844,1
1,0.5,1,0.43,1,12,0,0,13,57,548,1
1,0.02,4,0.05,0,84,0,0,998,5412,322,0
1,0.05,1,0.1,0,108,1,0,683,2446,261,0
0,0.78,1,0.22,1,4,0,1,11,22,275,1
1,0.24,1,0.07,1,59,0,0,972,7346,878,0
1,0.11,1,0.05,0,149,1,1,160,5945,517,0
0,0.68,0,0.15,1,18,0,1,13,64,776,1
0,0.68,1,0.42,1,14,0,0,16,56,981,1
0,0.81,1,0.42,1,10,0,1,3,81,838,1
1,0.11,1,0.02,0,77,0,1,155,6336,385,0
1,0.02,4,0.06,1,112,0,1,83,9716,654,0
1,0.06,4,0.0,0,95,1,1,460,4768,382,0
0,0.5,0,0.22,1,2,1,1,5,47,1042,1
1,0.09,2,0.08,0,51,1,1,266,2900,192,0
1,0.1,3,0.08,0,111,0,1,791,7364,294,0
0,0.88,1,0.32,0,14,0,1,2,98,1826,1
1,0.13,1,0.01,0,129,1,0,791,1971,213,0
1,0.01,4,0.03,1,28,1,0,488,6905,196,0
1,0.19,4,0.03,0,98,0,1,983,7002,223,0
1,0.86,1,0.48,1,5,0,0,9,18,1112,1
0,0.98,1,0.21,1,19,0,1,16,62,1970,1
1,0.07,2,0.05,0,67,1,1,408,5610,634,0
1,0.13,3,0.03,0,130,1,0,956,3048,324,0
0,0.88,1,0.0,1,3,0,1,15,27,378,1
0,0.62,1,0.43,1,15,0,0,10,40,759,1
0,0.72,1,0.38,1,0,0,0,19,95,1700,1
0,0.92,0,0.07,1,13,0,1,7,87,602,1
1,0.21,2,0.07,0,20,1,1,929,4260,884,0
1,0.14,1,0.02,0,136,0,1,432,4767,466,0
1,0.09,2,0.08,0,108,0,1,83,9150,754,0
1,0.27,3,0.01,0,103,1,1,464,2727,436,0
0,0.51,1,0.23,1,0,0,1,12,92,1706,1
1,0.14,4,0.05,0,59,0,1,930,9166,288,0
0,0.52,1,0.35,1,3,0,1,10,73,1954,1
1,0.18,1,0.04,0,51,1,1,161,5160,627,0
0,0.69,0,0.08,1,0,0,0,10,83,1500,1
0,0.96,0,0.43,1,8,0,0,14,44,380,1
1,0.08,2,0.08,0,30,1,1,732,755,607,0
0,0.6,0,0.16,1,9,0,0,0,83,102,1
0,0.78,1,0.13,1,18,0,0,14,49,494,1
0,0.71,0,0.41,0,10,0,1,19,33,1483,1
1,0.06,4,0.04,0,98,1,1,783,6023,314,0
1,0.14,2,0.1,0,114,0,1,728,2293,719,0
1,0.28,1,0.06,0,70,0,1,555,9125,615,0
0,0.76,0,0.02,1,20,0,0,9,20,1704,1
1,0.12,4,0.09,0,62,1,0,717,646,668,0
1,0.24,3,0.08,0,47,0,1,608,9393,629,0
0,1.0,0,0.03,1,0,0,1,6,61,568,1
1,0.15,4,0.08,0,124,1,1,254,8761,276,0
1,0.23,4,0.07,1,36,1,0,573,3267,598,0
0,0.56,1,0.25,1,13,0,0,3,30,877,1
1,0.06,1,0.09,0,109,0,1,755,433,657,0
1,0.14,3,0.07,0,31,1,1,547,5088,786,0
0,0.73,1,0.01,0,17,0,0,5,56,1174,1
1,0.07,1,0.06,0,39,0,1,770,6287,677,0
1,0.02,1,0.07,0,55,1,0,927,4260,443,0
0,0.64,1,0.2,1,11,0,0,7,72,1946,1
1,0.66,0,0.24,1,11,0,0,20,33,1701,1
1,0.19,4,0.03,0,26,1,1,584,9864,880,0
1,0.59,0,0.11,0,7,0,1,19,16,708,1
1,0.17,4,0.03,0,132,0,1,891,5860,622,0
0,0.63,0,0.06,1,7,0,0,1,67,1666,1
0,1.0,1,0.22,1,14,0,1,18,26,926,1
1,0.0,4,0.09,0,28,1,1,687,4101,288,0
0,0.78,0,0.14,1,18,0,0,7,49,1063,1
1,0.1,3,0.05,0,28,1,1,119,9543,908,0
1,0.28,4,0.02,0,111,0,1,53,4470,539,0
1,0.04,3,0.0,0,45,0,1,383,1873,901,0
1,0.21,1,0.09,0,109,0,1,776,6307,256,0
0,0.51,0,0.35,0,11,0,1,1,47,868,1
1,0.2,4,0.03,0,137,1,1,179,7463,693,0
1,0.01,3,0.04,0,108,0,1,676,8753,724,0
0,0.78,1,0.38,0,17,0,1,15,21,284,1
1,0.13,4,0.09,0,99,0,1,320,6702,680,0
0,0.97,1,0.33,1,8,0,1,6,88,965,1
0,0.65,1,0.01,1,10,0,0,0,26,1391,1
1,0.02,2,0.05,0,129,0,1,739,7102,528,0
1,0.68,1,0.42,1,8,0,1,1,99,1238,1
0,0.92,1,0.04,1,15,1,0,3,55,601,1
0,0.86,0,0.3,1,3,0,1,20,79,1320,1
1,0.29,1,0.02,0,127,1,0,181,6322,499,0
1,0.22,1,0.02,0,61,0,1,960,8753,616,0
1,0.06,3,0.07,1,144,0,1,670,4144,247,0
0,0.7,1,0.18,1,11,0,1,18,86,550,1
1,0.08,3,0.04,0,94,1,1,975,7451,783,0
0,0.74,0,0.1,1,14,0,0,3,78,1301,1
1,0.26,4,0.02,1,69,1,1,512,1477,222,0
0,0.57,0,0.12,1,10,0,0,20,22,1610,1
0,0.59,0,0.24,1,0,0,0,15,92,1872,1
1,1.0,0,0.0,1,3,1,1,16,19,1815,1
1,0.01,1,0.05,0,31,1,0,519,4268,782,0
0,0.84,0,0.22,1,18,0,1,16,56,526,1
1,0.58,0,0.08,1,0,0,0,0,51,321,1
1,0.84,1,0.03,1,2,0,0,20,52,1973,1
1,0.02,2,0.04,0,62,1,1,677,5945,576,0
1,0.22,4,0.01,0,141,0,1,290,321,606,0
0,0.87,1,0.15,1,16,0,0,8,50,807,1
1,0.61,0,0.11,1,19,1,1,16,45,906,1
1,0.28,1,0.0,0,84,0,0,346,8276,772,0
1,0.01,3,0.08,0,50,1,1,567,7276,761,0
1,0.07,4,0.03,0,93,0,1,307,4996,223,0
0,0.83,1,0.22,1,11,1,0,10,57,1320,1
1,0.21,3,0.03,0,79,0,1,845,1072,745,0
1,0.01,2,0.01,0,119,0,0,425,4530,847,0
1,0.25,2,0.05,0,61,0,1,245,9807,492,0
1,0.92,1,0.02,1,3,0,0,6,17,1272,1
0,0.89,1,0.33,1,13,0,0,9,24,1159,1
1,0.25,4,0.02,1,96,0,1,328,1298,519,0
1,0.13,3,0.09,0,73,0,0,227,2931,427,0
1,0.19,2,0.04,0,57,0,1,592,6316,667,0
1,0.3,2,0.06,0,97,0,1,229,1619,957,0
1,0.13,4,0.1,0,111,0,1,340,1547,435,0
1,0.08,4,0.09,0,68,0,1,812,6271,923,0
1,0.76,0,0.39,1,13,0,0,7,66,1280,1
0,0.68,1,0.4,1,20,0,0,19,85,1779,1
1,0.14,2,0.02,0,53,0,1,664,9657,895,0
1,0.08,4,0.03,0,53,1,1,945,4648,442,0
0,0.72,0,0.07,1,16,0,0,12,92,294,1
1,0.19,2,0.09,1,117,1,1,314,3135,624,0
1,0.28,1,0.02,0,147,1,1,854,7824,655,0
0,0.72,1,0.22,0,8,0,0,14,24,679,1
1,0.03,3,0.03,0,64,0,1,67,2035,921,0
1,0.15,4,0.03,0,87,0,1,727,6669,204,0
1,0.82,1,0.04,1,12,0,0,19,71,1236,1
1,0.17,3,0.09,0,87,0,1,706,3665,750,0
1,0.51,0,0.29,1,7,0,1,16,35,128,1
1,0.17,3,0.03,0,94,0,1,992,6744,413,0
0,0.52,1,0.48,1,3,0,0,3,40,1890,1
1,0.26,1,0.09,0,84,1,1,412,4153,1000,0
0,0.51,1,0.31,1,17,0,0,3,43,1470,1
1,0.2,4,0.09,0,135,0,1,106,5322,207,0
1,0.22,3,0.04,0,75,1,0,921,1719,953,0
0,0.91,1,0.07,1,15,0,0,1,32,1568,1
0,0.84,0,0.02,1,1,0,0,2,96,804,1
0,0.52,1,0.38,0,18,0,1,7,29,852,1
1,0.61,0,0.29,1,13,0,0,14,57,363,1
1,0.23,4,0.08,0,35,1,1,356,2463,244,0
0,0.81,1,0.22,0,2,0,0,18,19,186,1
0,0.9,0,0.24,1,7,0,0,3,34,896,1
1,0.23,2,0.07,0,28,1,1,547,3799,650,0
1,0.54,1,0.08,1,14,0,0,16,88,625,1
1,0.9,0,0.25,1,6,1,1,15,77,675,1
1,0.29,3,0.07,0,39,0,1,745,3780,344,0
0,0.91,1,0.41,1,2,0,1,13,63,1262,1
1,0.04,4,0.03,0,69,1,1,605,6638,785,0
0,0.77,0,0.19,1,0,0,1,8,54,1112,1
1,0.76,0,0.44,1,6,0,0,7,97,391,1
1,0.62,0,0.2,1,9,0,0,2,89,1293,1
0,0.56,0,0.23,1,0,1,0,19,48,954,1
1,0.07,3,0.04,0,89,1,1,406,6393,336,0
0,0.97,0,0.05,0,5,0,0,8,54,590,1
0,0.6,0,0.48,0,13,0,0,14,83,1422,1
0,0.55,0,0.44,0,20,0,1,18,55,410,1
1,0.14,2,0.1,0,59,1,1,763,1924,237,0
0,0.92,0,0.14,1,4,0,1,19,96,146,1
0,0.86,0,0.39,1,15,0,0,4,91,281,1
1,0.08,1,0.08,0,43,1,1,306,416,635,0
1,0.11,2,0.03,0,84,0,1,988,8522,287,0
0,0.87,0,0.22,0,2,0,0,8,16,345,1
1,0.14,1,0.02,0,47,0,0,280,1122,387,0
0,0.5,1,0.02,1,14,0,0,17,75,995,1
1,0.05,2,0.04,0,131,1,1,307,6148,630,0
0,0.83,1,0.4,1,5,0,0,20,93,532,1
1,0.06,3,0.1,0,31,0,0,134,8105,674,0
1,0.28,4,0.07,0,108,1,1,643,4430,717,0
0,0.97,0,0.28,1,5,0,0,14,27,1625,1
0,0.76,0,0.27,1,2,0,0,1,86,1485,1
1,0.22,3,0.0,0,45,1,1,203,3785,192,0
0,0.86,0,0.19,1,7,0,1,12,22,1598,1
0,0.96,0,0.42,1,6,0,0,13,18,450,1
1,0.73,0,0.39,0,5,0,0,7,69,1803,1
1,0.86,0,0.26,1,9,0,0,15,33,934,1
1,0.12,4,0.04,0,144,0,1,624,3953,526,0
1,0.15,2,0.08,0,129,0,1,407,7527,899,0
1,0.64,0,0.34,1,15,0,0,1,66,941,1
0,0.52,1,0.39,0,14,0,0,3,12,627,1
1,0.11,3,0.02,0,147,0,0,560,7334,789,0
0,0.71,1,0.17,1,4,0,0,7,47,351,1
1,0.1,4,0.1,0,98,1,1,403,8973,700,0
1,0.24,1,0.08,0,147,0,0,458,4742,139,0
1,0.56,0,0.27,0,11,0,1,8,31,794,1
0,0.61,0,0.02,0,9,1,1,14,62,974,1
1,0.07,3,0.09,0,55,1,0,847,5242,685,0
0,0.93,1,0.01,0,10,1,1,6,22,1200,1
0,0.78,1,0.41,0,5,0,0,19,15,1272,1
1,0.66,1,0.43,1,6,0,0,10,69,355,1
1,0.29,3,0.04,0,55,1,1,335,8806,899,0
0,0.97,1,0.4,0,6,1,0,1,97,1229,1
1,0.2,2,0.04,0,108,0,1,376,3024,959,0
1,0.25,4,0.08,0,111,0,1,928,5269,453,0
1,0.28,3,0.05,0,37,1,1,268,3506,876,0
1,0.12,4,0.05,0,106,0,1,453,8602,891,0
0,0.61,1,0.04,1,7,0,0,2,87,991,1
1,0.2,2,0.07,0,146,1,0,557,4811,848,0
1,0.3,3,0.0,0,98,0,0,108,893,902,0
0,0.75,0,0.4,1,1,1,1,12,45,566,1
0,0.95,1,0.38,1,1,0,0,3,84,124,1
1,0.25,1,0.03,1,115,0,0,489,6661,811,0
0,0.55,1,0.16,1,12,0,0,1,71,1100,1
0,0.78,0,0.48,1,14,0,1,7,27,1522,1
1,0.87,0,0.09,1,12,1,0,7,28,1753,1
1,0.79,0,0.28,1,16,0,0,9,36,842,1
0,0.78,0,0.11,1,19,1,1,10,19,808,1
1,0.18,3,0.03,0,93,0,0,470,8448,987,0
1,0.2,4,0.06,0,65,1,1,902,5780,351,0
1,0.22,2,0.07,0,70,1,1,713,2958,922,0
1,0.07,3,0.07,0,33,0,1,907,2978,678,0
1,0.13,1,0.03,0,128,0,1,987,8659,241,0
1,0.92,1,0.32,0,14,1,0,6,47,1239,1
1,0.29,2,0.02,0,122,1,1,402,6904,410,0
1,0.01,3,0.04,0,52,1,1,427,9688,137,0
1,0.07,2,0.08,0,91,0,1,696,6184,474,0
1,0.23,4,0.06,0,47,1,0,822,3178,662,0
1,0.15,4,0.07,0,71,0,0,510,6500,759,0
1,0.79,1,0.16,1,14,0,0,3,49,1491,1
1,0.14,3,0.09,0,105,0,1,724,3811,493,0
0,0.69,0,0.34,1,8,0,0,3,61,1362,1
0,0.99,1,0.3,1,18,0,0,20,94,1953,1
1,0.23,2,0.09,0,119,1,1,473,8610,697,0
1,0.63,1,0.27,1,14,0,1,17,95,732,1
1,0.05,2,0.01,0,20,1,1,855,2641,718,0
1,0.05,2,0.1,0,101,0,1,829,928,785,0
1,0.24,1,0.03,0,143,0,1,622,8957,721,0
1,0.78,0,0.04,1,1,0,1,11,31,265,1
0,0.78,0,0.28,0,5,0,0,14,45,1459,1
1,0.15,1,0.09,0,44,0,1,285,5156,364,0
1,0.22,1,0.07,1,109,1,1,810,2834,462,0
1,0.71,1,0.19,1,20,0,1,17,86,1707,1
1,0.55,0,0.27,1,20,0,0,11,99,605,1
1,0.84,1,0.15,1,9,1,1,18,46,931,1
1,0.98,0,0.02,1,9,0,1,0,99,1421,1
1,0.0,4,0.02,0,133,0,1,83,2711,155,0
0,0.94,0,0.26,1,4,0,0,3,57,1169,1
0,0.75,1,0.17,1,4,0,1,14,85,1272,1
1,0.69,0,0.42,1,1,0,1,14,39,477,1
1,0.05,4,0.01,0,147,1,1,304,6059,538,0
1,0.03,1,0.09,0,142,1,1,341,6846,418,0
1,0.17,1,0.05,0,119,0,0,632,7714,565,0
1,0.76,1,0.03,0,14,0,1,15,90,190,1
1,0.6,0,0.37,1,19,0,1,7,31,1797,1
0,0.98,0,0.02,1,12,0,1,4,27,992,1
0,0.73,0,0.41,1,2,0,0,10,48,1023,1
0,0.62,1,0.09,1,4,0,0,1,13,312,1
1,0.2,3,0.07,0,102,1,1,665,7902,186,0
0,0.66,0,0.3,1,16,0,0,2,53,1934,1
1,0.01,1,0.08,0,37,1,1,674,9606,874,0
0,0.82,1,0.24,1,16,0,0,1,74,1353,1
0,0.91,1,0.01,1,4,0,1,16,12,1268,1
1,0.22,4,0.08,0,117,1,1,195,3738,576,0
1,0.23,4,0.07,0,40,0,1,997,4517,967,0
0,0.73,0,0.29,1,20,0,1,15,12,1869,1
0,0.51,0,0.22,0,16,0,0,18,36,1626,1
0,0.63,0,0.32,1,20,0,1,16,42,365,1
1,0.16,4,0.01,0,146,0,1,653,4592,934,0
1,0.75,1,0.21,1,2,0,0,17,15,219,1
1,0.06,3,0.01,0,65,1,1,197,3769,595,0
1,0.19,4,0.08,0,81,1,1,330,3702,608,0
0,0.66,1,0.33,0,6,0,1,16,32,500,1
0,0.79,1,0.11,1,13,1,0,15,59,1614,1
1,0.29,3,0.07,0,101,0,0,516,4184,725,0
1,0.25,1,0.01,0,114,1,1,585,6070,631,0
0,0.87,1,0.46,1,7,0,1,11,68,1958,1
0,0.87,0,0.08,1,16,0,0,5,55,1755,1
0,0.65,0,0.01,1,20,0,0,7,80,771,1
1,0.75,1,0.5,0,16,0,1,9,63,1148,1
0,0.92,1,0.09,1,20,1,0,9,77,914,1
1,0.0,2,0.03,0,43,1,1,253,7947,974,0
0,0.53,0,0.45,1,1,0,1,5,29,1092,1
1,0.0,2,0.03,0,33,0,1,856,7823,623,0
0,0.55,0,0.13,1,4,0,0,0,62,447,1
1,0.98,0,0.31,1,19,0,1,2,39,1249,1
1,0.24,2,0.04,0,122,0,0,371,4857,637,0
1,0.9,0,0.16,1,0,0,0,16,76,1169,1
1,0.14,3,0.08,1,114,0,1,654,273,653,0
1,0.24,2,0.08,0,138,0,1,678,5786,290,0
0,0.92,0,0.16,0,19,0,0,8,32,341,1
1,0.21,1,0.08,0,55,0,1,302,2732,368,0
0,0.79,0,0.27,1,4,0,0,5,14,1662,1
1,0.9,0,0.18,1,19,0,1,20,28,257,1
0,0.94,0,0.39,1,15,0,0,18,81,773,1
1,0.12,3,0.1,0,69,0,1,235,5335,496,0
0,0.76,1,0.31,1,7,0,0,20,98,273,1
0,0.88,0,0.4,1,6,0,0,5,83,433,1
1,0.2,2,0.0,0,91,0,1,151,2122,394,0
1,0.04,2,0.02,0,28,0,1,110,882,893,0
1,0.09,3,0.02,0,55,0,0,225,4263,983,0
1,0.64,0,0.06,1,3,0,1,15,52,493,1
1,0.56,0,0.4,1,15,0,0,16,78,1678,1
1,0.61,1,0.23,0,14,1,0,0,57,379,1
0,0.6,1,0.41,1,2,0,1,10,50,289,1
1,0.01,3,0.08,0,92,0,1,379,8171,892,0
0,0.52,1,0.29,1,20,0,0,9,14,1796,1
0,0.6,0,0.04,1,7,0,0,6,39,183,1
1,0.06,1,0.04,0,79,0,1,451,2040,510,0
0,0.56,1,0.16,1,12,1,1,9,29,1406,1
1,0.08,1,0.02,0,108,0,1,584,3255,103,0
0,0.92,1,0.29,1,18,0,1,2,83,599,1
1,0.14,4,0.04,0,135,0,0,742,7190,277,0
1,0.06,4,0.08,0,127,1,0,624,8710,408,0
0,0.88,1,0.39,1,19,0,0,20,93,213,1
0,0.79,1,0.23,1,13,0,1,20,79,879,1
1,0.26,3,0.09,0,32,1,1,268,5124,237,0
0,0.95,0,0.33,1,14,1,1,3,57,961,1
1,0.06,3,0.08,1,53,1,0,763,2551,383,0
1,0.09,4,0.02,0,119,1,1,794,2485,735,0
0,0.59,1,0.14,1,16,0,1,16,83,1358,1
1,0.17,2,0.04,0,73,1,1,802,8656,746,0
0,0.89,1,0.34,1,5,0,1,19,63,1239,1
1,0.04,4,0.07,0,132,0,1,882,2384,434,0
0,0.65,0,0.07,1,12,0,1,16,84,1231,1
1,0.06,4,0.08,0,31,1,1,352,2509,627,0
1,0.08,2,0.07,0,96,1,1,249,9676,267,0
1,0.98,1,0.25,0,15,0,0,7,64,687,1
1,0.04,4,0.0,0,81,1,1,591,2119,659,0
1,0.22,2,0.05,0,32,1,1,732,1063,739,0
1,0.23,1,0.08,1,90,0,0,942,6771,402,0
1,0.03,1,0.02,0,93,1,1,978,8619,961,0
1,0.23,3,0.0,0,49,0,1,454,4059,800,0
1,0.25,1,0.03,0,43,0,1,718,1206,100,0
0,0.92,0,0.26,1,13,0,0,9,32,1561,1
1,0.21,1,0.07,0,49,0,1,434,4504,334,0
1,0.02,4,0.03,1,124,0,0,672,606,290,0
0,0.65,1,0.43,1,11,0,0,19,79,1940,1
1,0.2,4,0.07,0,60,1,1,667,2014,773,0
1,0.3,1,0.01,0,63,0,0,448,7250,346,0
1,0.02,3,0.08,1,84,1,1,696,4990,984,0
0,0.57,1,0.46,1,8,0,0,19,40,1404,1
1,0.14,2,0.02,0,67,1,1,823,9786,566,0
1,0.99,1,0.03,1,18,0,1,5,69,1780,1
0,0.93,0,0.3,0,14,0,1,2,45,129,1
0,0.65,0,0.38,1,12,0,0,15,17,571,1
1,0.25,4,0.06,0,28,0,1,842,2123,471,0
0,0.56,0,0.49,1,19,0,1,11,61,116,1
1,0.24,1,0.1,1,134,1,1,184,6359,318,0
0,0.61,0,0.15,1,4,0,0,15,89,545,1
1,0.83,0,0.27,1,19,0,0,6,53,1959,1
1,0.11,3,0.04,0,92,0,1,137,612,980,0
1,0.12,2,0.01,0,51,0,1,727,3084,715,0
0,0.51,0,0.26,1,4,0,1,4,100,1314,1
1,0.18,1,0.05,0,44,0,0,419,6575,616,0
1,0.04,3,0.08,0,97,1,1,880,4935,604,0
0,0.98,1,0.06,1,19,0,0,3,65,153,1
1,0.23,2,0.1,0,76,1,0,695,8031,829,0
1,0.29,1,0.05,0,98,1,1,816,417,747,0
0,0.89,0,0.18,1,12,0,0,14,79,1909,1
0,0.96,1,0.49,1,14,0,0,6,28,1732,1
1,0.16,2,0.01,0,38,0,0,524,904,899,0
1,0.14,3,0.09,1,120,1,1,568,5955,744,0
0,0.59,0,0.19,1,4,0,0,6,100,152,1
1,0.04,1,0.05,0,59,0,1,791,2344,268,0
0,0.54,0,0.32,0,8,0,0,16,74,1684,1
1,0.26,3,0.01,0,122,1,1,750,3661,111,0
1,0.26,3,0.0,0,107,1,1,877,6820,990,0
0,0.53,0,0.28,1,19,0,0,3,51,509,1
1,0.1,4,0.1,0,145,1,1,259,6989,148,0
0,0.72,0,0.34,1,2,0,0,12,71,1073,1
1,0.04,3,0.03,0,132,1,1,948,1748,636,0
0,0.71,0,0.31,1,13,0,1,8,71,1089,1
1,0.03,4,0.08,0,138,0,1,543,6725,853,0
1,0.06,4,0.03,0,61,1,1,62,4249,879,0
1,0.3,2,0.06,0,124,0,1,879,7582,470,0
1,0.18,4,0.08,0,128,1,0,809,3024,639,0
0,0.52,0,0.36,1,18,0,1,4,96,423,1
1,0.14,4,0.04,0,120,1,0,269,2813,553,0
1,0.12,3,0.06,0,61,0,1,133,4903,303,0
0,0.95,1,0.16,1,0,0,0,7,30,937,1
0,0.81,0,0.49,1,7,0,0,14,86,1557,1
0,0.68,1,0.47,1,6,0,1,7,91,1210,1
1,0.05,2,0.05,0,118,0,1,463,9016,589,0
1,0.03,2,0.0,0,71,0,0,494,9086,664,0
1,0.2,2,0.06,0,48,1,0,187,9884,176,0
1,0.17,4,0.09,0,63,1,1,526,6052,666,0
1,0.25,4,0.02,0,142,0,0,332,1831,364,0
0,0.8,1,0.37,1,11,0,0,19,34,1035,1
1,0.24,3,0.02,0,147,1,1,854,1381,153,0
1,0.08,2,0.0,0,76,1,1,883,9592,430,0
1,0.02,3,0.06,0,133,1,1,672,6909,151,0
0,0.72,0,0.41,0,18,0,0,7,98,421,1
1,0.15,2,0.09,0,110,0,1,940,7868,118,0
0,0.7,1,0.45,1,5,0,0,3,74,1327,1
1,0.83,1,0.22,1,11,0,1,18,89,1606,1
0,0.86,0,0.15,1,0,0,1,8,55,1847,1
0,0.59,0,0.26,1,2,0,1,18,64,1732,1
1,0.51,0,0.23,1,9,0,0,7,93,720,1
0,0.63,1,0.19,0,4,0,0,0,99,1273,1
1,0.99,0,0.16,1,1,0,1,20,62,1953,1
0,0.63,0,0.36,1,4,0,0,5,61,391,1
1,0.18,3,0.08,0,66,1,1,655,3225,831,0
0,0.88,1,0.18,0,0,0,0,6,39,1996,1
1,0.14,2,0.01,1,146,0,1,945,2170,568,0
1,0.0,4,0.09,0,89,0,1,956,4744,206,0
0,0.59,0,0.02,1,18,1,1,2,24,1962,1
1,0.21,4,0.04,0,80,1,0,645,525,221,0
1,0.14,2,0.06,0,87,1,0,138,9729,793,0
0,0.75,0,0.33,0,14,0,0,17,56,704,1
1,0.08,3,0.05,1,124,1,0,134,7408,601,0
0,0.92,1,0.13,1,15,0,0,11,27,1656,1
1,0.19,3,0.06,0,34,0,1,890,3500,480,0
1,0.24,3,0.03,0,20,1,1,866,6161,584,0
1,0.14,1,0.02,0,143,1,1,260,5080,980,0
1,0.14,3,0.06,0,77,1,1,784,1213,970,0
1,0.17,4,0.05,0,48,0,1,345,5287,407,0
1,0.77,1,0.29,1,2,1,1,5,33,837,1
0,0.75,1,0.33,1,1,1,1,10,19,1856,1
1,0.68,0,0.41,0,0,0,0,12,79,1707,1
0,0.92,1,0.39,1,8,0,0,1,80,1399,1
1,0.13,2,0.08,0,78,0,1,604,8471,521,0
1,0.29,2,0.0,0,70,0,0,672,8820,585,0
1,0.01,3,0.04,0,54,0,1,69,1864,311,0
1,0.24,3,0.01,0,102,0,0,249,876,138,0
0,0.78,0,0.18,1,15,0,1,9,30,403,1
0,0.95,0,0.09,1,13,0,0,11,67,1701,1
0,0.73,1,0.42,1,1,1,0,17,48,1337,1
0,0.98,0,0.36,0,4,0,1,12,78,890,1
0,0.96,1,0.35,1,8,0,1,14,83,655,1
1,0.14,4,0.05,0,110,0,1,833,8750,878,0
1,0.52,1,0.46,1,2,0,0,18,82,627,1
1,0.08,4,0.07,1,81,1,1,156,7294,716,0
1,0.15,1,0.04,0,137,0,1,905,9826,499,0
0,0.71,1,0.41,0,14,0,0,7,69,1027,1
1,0.28,1,0.04,0,80,1,1,679,2401,656,0
1,0.2,4,0.07,0,37,1,1,905,5814,349,0
1,0.1,1,0.05,0,54,1,1,539,9074,513,0
1,0.16,1,0.09,0,63,1,1,351,9639,314,0
0,0.64,1,0.34,1,5,1,0,15,70,286,1
1,0.03,3,0.04,0,129,1,0,141,6965,214,0
1,0.01,2,0.1,1,104,1,0,244,3990,985,0
0,0.73,0,0.33,1,3,0,1,3,29,1519,1
1,0.12,2,0.03,0,116,1,1,620,8655,198,0
1,0.85,0,0.3,1,16,0,0,2,40,1621,1
1,0.71,0,0.21,1,6,0,0,15,43,1107,1
1,0.13,4,0.03,0,67,0,0,296,871,810,0
0,0.98,0,0.5,1,10,0,0,11,81,602,1
0,0.84,0,0.35,1,5,0,1,12,13,1434,1
0,0.96,0,0.25,1,19,0,0,1,35,1951,1
1,0.11,2,0.08,0,34,0,1,465,9494,521,0
0,0.57,0,0.34,1,10,0,0,16,31,1008,1
1,0.99,1,0.37,1,19,0,1,20,29,1585,1
1,0.53,0,0.13,1,19,1,1,3,20,790,1
0,0.8,1,0.07,1,14,0,0,5,60,383,1
0,0.83,1,0.03,1,13,0,1,18,100,1919,1
1,0.2,4,0.1,0,33,1,1,605,8032,665,0
0,0.73,1,0.14,1,2,0,0,6,66,155,1
1,0.03,4,0.01,0,28,0,1,90,3306,435,0
0,0.83,1,0.28,0,5,1,0,7,47,169,1
0,0.6,0,0.29,1,14,0,1,4,79,920,1
1,0.14,2,0.0,0,87,0,0,60,980,256,0
1,0.56,1,0.19,1,18,0,0,9,95,1855,1
0,0.78,0,0.47,1,17,1,0,2,48,728,1
0,0.52,1,0.12,0,16,0,0,18,38,527,1
1,0.26,1,0.03,0,26,0,1,618,1873,179,0
1,0.67,1,0.19,1,14,0,1,19,23,1213,1
0,0.91,0,0.3,1,12,0,1,15,11,1867,1
1,0.12,3,0.06,0,77,0,1,240,3410,530,0
1,0.2,1,0.01,0,20,0,1,545,9279,188,0
1,0.8,1,0.44,0,12,0,0,16,36,1288,1
1,0.06,4,0.08,0,127,0,1,305,4203,687,0
1,0.28,3,0.02,1,147,1,0,924,10000,447,0
1,0.24,1,0.06,0,107,0,1,741,9917,417,0
1,0.18,3,0.04,0,65,0,0,836,1097,247,0
1,0.76,1,0.09,1,20,0,0,9,41,203,1
0,0.63,0,0.21,1,16,0,0,14,20,1891,1
0,0.78,0,0.46,1,4,0,1,14,39,1717,1
0,0.81,0,0.46,1,5,1,0,10,66,1308,1
0,0.5,1,0.37,1,11,0,0,2,16,964,1
1,0.01,3,0.1,0,113,0,0,91,6910,685,0
1,0.74,1,0.14,0,6,0,1,3,40,1929,1
0,0.76,1,0.13,1,8,0,1,17,93,356,1
1,0.22,2,0.04,0,42,1,1,524,6133,745,0
1,0.19,3,0.06,0,68,0,1,327,2343,291,0
1,0.18,4,0.06,0,31,0,1,792,5459,560,0
0,0.53,0,0.44,1,11,0,1,11,23,1524,1
1,0.18,4,0.07,0,41,1,1,778,1333,256,0
1,0.1,2,0.02,0,99,0,1,511,2402,401,0
1,0.28,2,0.09,0,102,1,0,356,5013,397,0
1,0.12,4,0.02,0,61,0,1,655,1782,377,0
0,0.95,0,0.36,1,14,0,0,7,73,758,1
1,0.13,2,0.01,0,101,0,1,74,8183,235,0
1,0.3,2,0.05,0,62,1,1,802,6616,648,0
1,0.2,4,0.07,0,64,1,1,856,8337,294,0
1,0.22,2,0.08,0,29,1,1,485,7401,758,0
1,0.08,3,0.09,0,84,1,0,908,9400,449,0
1,0.14,2,0.03,0,30,0,1,159,9050,949,0
1,0.27,3,0.09,0,74,1,1,918,3549,997,0
1,0.12,2,0.08,0,86,0,0,606,8433,379,0
1,0.01,4,0.09,0,67,0,1,126,7284,731,0
1,0.24,4,0.06,1,26,1,0,95,6147,982,0
0,0.97,0,0.28,0,6,0,0,14,31,434,1
1,0.21,4,0.07,0,120,0,1,778,7600,739,0
1,0.87,1,0.35,1,15,0,1,3,28,1600,1
1,0.0,1,0.04,0,46,1,1,366,8460,833,0
1,0.18,2,0.04,1,89,1,0,697,7198,424,0
1,0.99,0,0.42,1,8,0,1,7,43,704,1
1,0.05,3,0.07,0,36,1,1,989,280,813,0
1,0.01,3,0.04,0,104,0,1,826,2568,739,0
1,0.26,4,0.06,0,86,1,0,216,3902,477,0
1,0.08,4,0.01,0,34,0,0,96,7457,444,0
0,0.68,0,0.08,0,1,1,1,13,44,503,1
0,0.73,0,0.15,1,18,0,1,5,82,469,1
0,0.71,0,0.22,0,8,0,1,8,52,1489,1
0,0.92,1,0.05,1,2,0,1,10,62,1708,1
1,0.21,1,0.09,0,65,1,1,791,7126,791,0
1,0.16,4,0.09,0,75,1,1,245,5396,518,0
1,0.64,1,0.32,0,0,0,0,16,96,777,1
0,0.5,1,0.27,0,13,0,0,16,90,272,1
1,0.16,1,0.09,0,117,0,1,809,9430,641,0
1,0.79,1,0.33,1,6,0,0,4,85,1188,1
1,0.05,2,0.02,0,75,0,0,626,8605,820,0
0,0.65,0,0.05,0,11,1,1,8,99,1639,1
1,0.29,1,0.0,0,147,1,1,557,7292,625,0
1,0.58,0,0.08,0,2,0,1,13,26,307,1
1,0.07,4,0.04,0,101,0,1,220,6593,231,0
1,0.03,1,0.03,0,138,1,0,636,7237,832,0
1,0.12,2,0.0,0,95,0,1,325,2122,301,0
1,0.28,4,0.09,0,74,0,1,295,9480,321,0
0,0.93,1,0.43,1,3,0,1,9,24,1823,1
0,0.7,1,0.36,1,9,0,0,9,47,614,1
1,0.92,1,0.04,1,18,0,1,0,33,1641,1
0,0.52,1,0.04,1,1,0,0,18,82,1321,1
1,0.89,0,0.3,1,4,0,1,7,56,609,1
1,0.62,0,0.4,0,1,0,1,3,48,1948,1
0,0.57,0,0.41,0,10,0,0,10,51,1523,1
0,0.96,1,0.37,1,15,0,1,8,50,1675,1
0,0.64,1,0.14,1,20,0,1,9,41,437,1
1,0.12,4,0.06,0,53,1,1,203,9139,786,0
1,0.28,2,0.02,0,65,1,1,531,6964,603,0
1,0.16,4,0.04,1,35,1,1,586,3216,992,0
1,0.26,4,0.08,0,47,1,1,654,9304,310,0
1,0.7,1,0.28,0,10,1,0,20,52,1573,1
1,0.13,1,0.03,0,112,1,0,715,5023,897,0
0,0.83,1,0.12,0,12,0,1,4,68,1922,1
1,0.04,3,0.0,0,133,1,1,153,716,441,0
1,0.18,1,0.0,0,20,0,0,446,8426,957,0
0,0.96,1,0.39,1,11,0,0,17,10,459,1
1,0.09,4,0.07,0,28,1,1,65,4207,624,0
1,0.18,2,0.05,0,122,1,1,664,935,369,0
1,0.09,1,0.08,0,111,1,1,418,9539,144,0
0,0.89,0,0.27,1,19,0,0,1,90,172,1
1,0.23,3,0.02,0,96,0,1,440,6789,924,0
1,0.53,1,0.27,1,11,0,1,4,70,1532,1
1,0.13,3,0.01,0,43,1,1,247,6195,666,0
0,0.52,0,0.37,1,0,0,0,3,33,1704,1
0,0.96,1,0.33,1,16,1,0,13,11,794,1
0,0.58,1,0.41,0,15,0,1,9,71,1626,1
1,0.1,4,0.01,0,44,0,1,271,2311,558,0
0,0.81,0,0.28,1,6,0,0,8,73,1152,1
1,0.03,1,0.09,0,127,1,1,222,5575,596,0
1,0.24,4,0.07,0,122,0,1,957,9955,393,0
1,0.11,4,0.08,0,121,1,0,735,2908,383,0
1,0.98,1,0.02,0,7,0,0,16,52,915,1
0,0.64,1,0.37,1,17,1,1,10,37,1619,1
1,0.54,0,0.43,0,2,0,1,3,14,251,1
1,0.03,3,0.03,1,110,1,1,330,6918,618,0
0,0.78,0,0.08,0,11,0,1,10,95,787,1
0,0.72,1,0.42,1,1,0,0,0,92,1215,1
1,0.14,4,0.02,0,102,1,1,98,7309,324,0
1,0.15,2,0.08,0,60,1,1,485,1645,986,0
0,0.97,0,0.45,1,20,0,0,19,78,1055,1
0,0.96,0,0.4,0,9,0,0,6,18,669,1
1,0.95,1,0.31,1,6,0,1,18,47,1892,1
1,0.73,0,0.42,1,4,0,1,4,96,860,1
1,0.9,0,0.46,1,12,0,0,8,80,1918,1
1,0.18,3,0.09,0,125,1,1,369,2101,625,0
0,0.57,0,0.46,1,19,0,0,1,15,736,1
1,0.57,1,0.43,1,17,0,1,18,52,988,1
0,0.71,1,0.43,1,18,0,0,10,86,1908,1
1,0.09,1,0.05,0,23,1,1,354,454,1000,0
1,0.16,4,0.04,0,119,1,0,634,9530,145,0
1,0.68,1,0.02,0,6,0,1,14,91,1850,1
1,0.02,4,0.06,0,108,0,0,517,1567,893,0
1,0.05,2,0.09,1,95,0,1,446,3868,780,0
1,0.98,1,0.35,1,2,0,0,11,47,424,1
1,0.78,1,0.13,1,14,0,1,15,100,768,1
0,0.54,0,0.12,1,11,0,0,13,29,1604,1
1,0.02,1,0.09,0,112,1,1,360,1941,397,0
1,0.08,3,0.03,0,124,1,0,455,4967,174,0
0,0.72,0,0.38,0,6,1,0,12,21,1988,1
1,0.29,4,0.01,0,133,1,1,250,6856,981,0
1,0.11,3,0.05,0,26,0,0,324,240,195,0
1,0.8,1,0.31,1,20,0,0,3,85,1829,1
1,0.28,2,0.09,0,22,0,1,143,7267,234,0
0,0.87,1,0.03,1,5,0,0,15,93,197,1
0,0.77,0,0.03,1,13,0,0,3,66,1638,1
0,0.67,1,0.11,0,4,0,0,9,84,1528,1
1,0.23,4,0.09,0,75,0,1,80,6735,492,0
1,0.87,0,0.33,1,19,0,0,20,60,1291,1
0,0.65,0,0.1,1,12,0,0,5,37,1650,1
1,0.06,2,0.06,0,41,1,0,883,5479,431,0
1,0.71,1,0.07,0,0,0,1,7,69,838,1
0,0.99,0,0.31,1,8,0,0,20,56,1626,1
0,0.6,1,0.29,1,8,0,1,13,51,995,1
1,0.08,1,0.03,0,105,0,1,405,3979,366,0
0,0.72,1,0.16,1,2,0,0,14,79,1866,1
1,0.19,1,0.05,0,52,1,0,653,663,205,0
0,0.72,0,0.29,1,6,0,0,3,100,505,1
1,0.12,2,0.01,0,131,0,0,888,2758,180,0
1,0.0,1,0.05,0,24,0,0,595,6277,967,0
1,0.63,1,0.21,1,9,0,1,0,80,580,1
1,0.07,4,0.05,0,121,0,1,417,9792,835,0
1,0.18,2,0.03,0,102,1,1,754,6006,638,0
1,0.13,3,0.03,0,69,0,0,407,6267,832,0
0,0.53,0,0.35,1,13,0,0,20,95,1498,1
1,0.21,1,0.05,0,130,0,0,583,8058,881,0
1,0.23,4,0.03,0,149,0,0,325,346,877,0
0,0.7,1,0.24,0,6,0,0,14,76,1295,1
1,0.03,1,0.01,0,97,1,1,228,8918,305,0
1,0.21,2,0.05,0,61,0,1,454,2621,498,0
0,0.84,0,0.1,0,17,0,0,19,84,1707,1
1,0.2,4,0.07,0,38,1,1,64,7237,883,0
1,0.15,2,0.02,0,49,1,1,976,1729,559,0
1,0.91,1,0.05,0,0,0,1,15,71,855,1
0,0.75,1,0.14,1,18,0,0,16,40,1847,1
0,0.58,0,0.17,0,16,1,0,2,81,1948,1
1,0.21,4,0.08,0,54,1,1,191,2651,456,0
1,0.13,2,0.06,1,44,1,1,828,4008,925,0
1,0.99,0,0.44,0,2,0,1,12,66,1699,1
0,0.8,0,0.14,1,5,0,0,13,76,195,1
1,0.07,2,0.06,0,134,0,1,396,8274,425,0
0,0.54,0,0.31,1,17,0,1,8,100,1102,1
0,0.57,0,0.27,1,17,0,0,0,50,105,1
1,0.28,1,0.09,0,43,0,1,664,9685,144,0
1,0.99,1,0.1,1,2,0,1,13,59,1613,1
1,0.01,1,0.08,0,104,1,1,646,6613,609,0
1,0.28,2,0.08,0,122,0,1,979,2554,637,0
0,0.59,1,0.38,1,15,0,1,8,87,516,1
0,0.93,0,0.18,1,1,1,1,6,58,632,1
1,0.02,4,0.09,1,123,1,0,147,8122,727,0
1,0.19,4,0.07,0,44,0,1,67,2966,835,0
1,0.04,1,0.08,0,85,1,0,841,803,245,0
1,0.28,4,0.02,0,135,1,0,699,3634,221,0
1,0.14,4,0.06,0,79,0,0,200,4693,452,0
1,0.23,4,0.01,0,103,0,1,339,8692,636,0
1,0.18,2,0.05,0,113,0,1,615,3424,454,0
1,0.09,3,0.03,0,63,1,1,535,7342,741,0
1,0.06,3,0.09,0,127,0,1,360,2471,182,0
0,0.98,0,0.21,1,20,1,1,16,69,607,1
1,0.11,1,0.09,0,131,0,1,194,7560,512,0
1,0.03,4,0.08,0,148,0,1,224,550,943,0
1,0.26,3,0.02,0,56,1,1,736,7057,885,0
0,0.77,0,0.45,0,5,0,1,11,79,1577,1
1,0.98,1,0.26,1,2,0,0,8,90,1065,1
1,0.21,3,0.07,0,64,1,1,257,9391,520,0
1,0.69,0,0.43,1,2,0,1,4,99,1758,1
0,0.76,0,0.11,1,7,0,0,6,94,1524,1
1,0.23,2,0.09,0,44,1,0,896,9085,526,0
0,0.9,1,0.18,0,15,0,0,5,49,320,1
0,0.87,1,0.17,1,2,0,1,1,74,1704,1
1,0.79,1,0.37,1,8,0,0,16,39,1544,1
0,0.84,1,0.01,1,12,0,0,19,28,1271,1
1,0.05,3,0.03,0,132,1,0,789,2175,680,0
0,0.75,0,0.15,1,7,1,1,1,25,1648,1
0,0.65,1,0.23,1,1,0,0,13,21,463,1
0,0.59,0,0.23,1,1,0,1,1,77,636,1
1,0.11,4,0.08,0,66,0,0,632,8448,687,0
1,0.99,1,0.01,1,17,0,0,13,37,1567,1
0,0.58,0,0.49,0,3,0,0,13,18,153,1
0,0.81,1,0.35,1,6,0,0,17,67,1039,1
1,0.02,3,0.06,1,131,0,1,350,1415,506,0
1,0.19,3,0.04,0,46,0,0,769,8987,311,0
0,0.95,1,0.22,1,15,0,0,4,65,565,1
1,0.09,3,0.06,0,30,1,1,737,642,708,0
1,0.3,3,0.1,0,68,0,0,980,3670,391,0
1,0.03,1,0.07,0,41,1,0,289,6863,200,0
1,0.06,3,0.03,0,49,0,0,746,2364,922,0
0,0.67,0,0.02,1,10,0,1,13,28,858,1
1,0.02,2,0.03,0,87,1,1,190,1334,303,0
0,0.51,1,0.43,1,19,0,1,17,57,492,1
1,0.52,0,0.4,0,4,0,1,8,63,429,1
1,0.67,1,0.45,1,19,0,1,20,27,1668,1
0,0.77,0,0.44,1,17,0,1,15,33,350,1
1,0.07,4,0.04,0,50,1,1,766,4341,498,0
0,0.84,1,0.24,1,10,0,1,1,61,1786,1
1,0.82,0,0.43,1,14,0,1,6,93,1435,1
1,0.15,4,0.05,0,38,0,1,996,6526,395,0
1,0.09,4,0.05,0,132,0,0,657,4541,449,0
0,0.65,1,0.37,1,1,0,1,7,98,1738,1
1,0.25,1,0.02,0,74,0,1,136,1859,916,0
1,0.74,1,0.4,1,11,0,1,11,13,1486,1
1,0.99,0,0.19,1,7,0,0,16,54,1201,1
1,0.6,0,0.03,1,7,0,0,7,41,402,1
1,0.55,0,0.27,1,19,0,1,2,29,1706,1
1,0.07,3,0.09,0,130,1,1,873,8193,965,0
0,0.68,1,0.07,0,8,1,0,6,34,207,1
1,0.23,2,0.09,0,127,1,0,648,2600,632,0
1,0.16,3,0.05,0,146,0,0,541,5310,239,0
0,0.84,0,0.18,1,18,0,0,13,52,925,1
1,0.01,4,0.03,0,134,1,0,718,9693,944,0
1,0.11,4,0.1,0,116,0,0,556,3966,998,0
1,0.11,4,0.06,0,73,1,1,500,1924,428,0
0,0.94,1,0.46,1,5,0,0,20,20,1733,1
1,0.17,4,0.03,0,126,0,1,714,8834,949,0
0,0.91,1,0.4,1,4,0,0,16,77,626,1
1,0.07,3,0.02,0,41,1,0,793,605,278,0
1,0.13,3,0.06,0,96,1,0,804,6856,352,0
0,0.95,0,0.14,1,17,0,0,16,39,1458,1
0,0.63,0,0.48,1,8,1,0,20,88,1687,1
1,0.59,0,0.23,1,9,0,1,13,44,1302,1
1,0.25,3,0.07,0,79,1,1,312,8387,571,0
1,0.81,0,0.18,1,14,0,1,10,55,769,1
1,0.57,1,0.42,1,0,1,1,11,72,219,1
1,0.28,2,0.02,0,101,0,0,714,8974,578,0
1,0.06,4,0.0,0,98,0,1,86,2498,627,0
1,0.7,0,0.13,1,1,0,0,13,17,1036,1
1,0.01,1,0.05,0,36,1,1,405,4804,645,0
1,0.2,3,0.04,0,49,0,1,897,6471,788,0
1,0.0,3,0.01,0,97,0,0,933,4589,785,0
1,0.17,4,0.04,0,120,1,1,121,4875,351,0
0,0.57,1,0.41,1,1,0,0,5,88,1164,1
